Quelle,Projektname,Webseite-Link,Organisation,Status,_single_url,status_code,final_url,error,Website_has_changed
https://correlaid.org/projekte/projektdatenbank/2022-04-LAU,Entwicklung eines interaktiven Fragebogens zur Verbesserung von Kinderschutzmaßnahmen im Sport,"https://laureus.shinyapps.io/Safeinsport-selfaudit/, https://www.laureus.de/international-safeguards-for-children-in-sport-laureus-sport-for-good-setzt-sich-aktiv-dafuer-ein-dass-der-sport-ein-sicherer-ort-fuer-jedes-kind-wird/","Laureus Sport For Good Germany, CorrelAid e.V.",Abgeschlossen,https://laureus.shinyapps.io/Safeinsport-selfaudit/,405.0,https://laureus.shinyapps.io/Safeinsport-selfaudit/,,True
https://correlaid.org/projekte/projektdatenbank/2022-04-LAU,Entwicklung eines interaktiven Fragebogens zur Verbesserung von Kinderschutzmaßnahmen im Sport,"https://laureus.shinyapps.io/Safeinsport-selfaudit/, https://www.laureus.de/international-safeguards-for-children-in-sport-laureus-sport-for-good-setzt-sich-aktiv-dafuer-ein-dass-der-sport-ein-sicherer-ort-fuer-jedes-kind-wird/","Laureus Sport For Good Germany, CorrelAid e.V.",Abgeschlossen,https://www.laureus.de/international-safeguards-for-children-in-sport-laureus-sport-for-good-setzt-sich-aktiv-dafuer-ein-dass-der-sport-ein-sicherer-ort-fuer-jedes-kind-wird/,404.0,https://www.laureus.de/international-safeguards-for-children-in-sport-laureus-sport-for-good-setzt-sich-aktiv-dafuer-ein-dass-der-sport-ein-sicherer-ort-fuer-jedes-kind-wird,,True
https://correlaid.org/projekte/projektdatenbank/2022-07-COP,Wo sollen neue Fahrradparkplätze in Paris entstehen? Unterstützung der Entscheidungsfindung mit offenen Daten,"https://github.com/CorrelAid/paris-bikes/, https://paris-bikes-wfiz3bgwsa-ew.a.run.app/","City of Paris, CorrelAid e.V.",Abgeschlossen,https://paris-bikes-wfiz3bgwsa-ew.a.run.app/,,,Timeout,True
https://huggingface.co/datasets/hiig-ai-lab/publicinterest-ai-projects/blob/main/Public%20Interest%20AI%20Projects%202024.xlsx,Chatbot Familie,https://digitalstrategie-deutschland.de/digitale-familienassistenten/,BMFSFJ,Abgeschlossen,https://digitalstrategie-deutschland.de/digitale-familienassistenten/,400.0,https://bmds.bund.de/error_path/400.html?al_req_id=afoFU-fGr_ARScobTiJR2gAAABM,SSL warning (unverified),True
https://huggingface.co/datasets/hiig-ai-lab/publicinterest-ai-projects/blob/main/Public%20Interest%20AI%20Projects%202024.xlsx,Erkennung von Studienbescheinigungen für Kindergeld,https://www.oeffentliche-it.de/documents/10181/14412/KI+im+Beh%C3%B6rdeneinsatz+-+Erfahrungen+und+Empfehlungen,Bundesagentur für Arbeit,Unbekannt,https://www.oeffentliche-it.de/documents/10181/14412/KI+im+Beh%C3%B6rdeneinsatz+-+Erfahrungen+und+Empfehlungen,404.0,https://www.oeffentliche-it.de/documents/10181/14412/KI+im+Beh%C3%B6rdeneinsatz+-+Erfahrungen+und+Empfehlungen,,False
https://huggingface.co/datasets/hiig-ai-lab/publicinterest-ai-projects/blob/main/Public%20Interest%20AI%20Projects%202024.xlsx,CRTX,https://crtx.ai/project/,"circular.fashion, TU Berlin, FU Berlin",Unbekannt,https://crtx.ai/project/,405.0,https://crtx.ai/project/,,False
https://huggingface.co/datasets/hiig-ai-lab/publicinterest-ai-projects/blob/main/Public%20Interest%20AI%20Projects%202024.xlsx,Bike Angels,https://ride.citibikenyc.com/blog/rebalancing-the-citi-bike-system,Citibike (provided by lyft),Unbekannt,https://ride.citibikenyc.com/blog/rebalancing-the-citi-bike-system,,,Timeout,True
https://huggingface.co/datasets/hiig-ai-lab/publicinterest-ai-projects/blob/main/Public%20Interest%20AI%20Projects%202024.xlsx,QTrees ,https://citylab-berlin.org/de/projects/qtrees/ sowie https://qtrees.ai/,"CityLab Berlin, Technologiestiftung Berlin",Abgeschlossen,sowie,,,Connection error,True
https://huggingface.co/datasets/hiig-ai-lab/publicinterest-ai-projects/blob/main/Public%20Interest%20AI%20Projects%202024.xlsx,Chatbot Bobbi,https://service.berlin.de/chatbot/chatbot-bobbi-606279.php,DAI-Labor der TU Berlin in Kooperation mit ITDZ Berlin,Unbekannt,https://service.berlin.de/chatbot/chatbot-bobbi-606279.php,404.0,https://service.berlin.de/chatbot/chatbot-bobbi-606279.php,,False
https://huggingface.co/datasets/hiig-ai-lab/publicinterest-ai-projects/blob/main/Public%20Interest%20AI%20Projects%202024.xlsx,PlasticObs_plus,https://www.plasticobs.de/   https://www.z-u-g.org/foerderung/ki-leuchttuerme-fuer-umwelt-klima-natur-und-ressourcen/projekt/plasticobs-plus/,"Deutsches Forschungszentrum für Künstliche Intelligenz GmbH, OPTIMARE Systems GmbH, Jade Hochschule Wilhelmshaven, Oldenburg, Elsflet, everwave GmbH",Unbekannt,https://www.plasticobs.de/,,,Connection error,True
https://huggingface.co/datasets/hiig-ai-lab/publicinterest-ai-projects/blob/main/Public%20Interest%20AI%20Projects%202024.xlsx,MBAZA A.I CHATBOT ,https://digitalumuganda.com/chatbot/,"Digital Umuganda, GIZ",Unbekannt,https://digitalumuganda.com/chatbot/,404.0,https://digitalumuganda.com/chatbot,,True
https://huggingface.co/datasets/hiig-ai-lab/publicinterest-ai-projects/blob/main/Public%20Interest%20AI%20Projects%202024.xlsx,OTT,https://nortal.com/de/einblicke/ott-eine-ki-gestutzte-erfolgsgeschichte-im-offentlichen-sektor/,Estonia Unemployment Insurance Fund,Unbekannt,https://nortal.com/de/einblicke/ott-eine-ki-gestutzte-erfolgsgeschichte-im-offentlichen-sektor/,404.0,https://nortal.com/de-de/einblicke/ott-eine-ki-gestutzte-erfolgsgeschichte-im-offentlichen-sektor/,,True
https://huggingface.co/datasets/hiig-ai-lab/publicinterest-ai-projects/blob/main/Public%20Interest%20AI%20Projects%202024.xlsx,ReCirCe,https://www.recirce.de/ https://www.z-u-g.org/foerderung/ki-leuchttuerme-fuer-umwelt-klima-natur-und-ressourcen/projekt/recirce/,"GreenDelta GmbH (mit Deutsches Forschungszentrum für Künstliche Intelligenz GmbH (DFKI), Technische Universität Darmstadt - FG Stoffstrommanagement und Ressourcenwirtschaft (SuR), Fraunhofer-Einrichtung für Wertstoffkreisläufe und Ressourcenstrategie (IWKS))",Unbekannt,https://www.recirce.de/,,,Connection error,True
https://huggingface.co/datasets/hiig-ai-lab/publicinterest-ai-projects/blob/main/Public%20Interest%20AI%20Projects%202024.xlsx,CognitiveWeeding,https://cognitive-weeding.de/projekterklaerung/,"Hochschule Osnabrück, AMAZONEN-WERKE H. DREYER SE & Co. KG",Unbekannt,https://cognitive-weeding.de/projekterklaerung/,,,"HTTPSConnectionPool(host='cognitive-weeding.de', port=443): Max retries exceeded with url: /projekterklaerung/ (Caused by SSLError(SSLError(1, '[SSL: TLSV1_ALERT_INTERNAL_ERROR] tlsv1 alert internal error (_ssl.c:1007)')))",True
https://huggingface.co/datasets/hiig-ai-lab/publicinterest-ai-projects/blob/main/Public%20Interest%20AI%20Projects%202024.xlsx,Korn Recycling / Müll Sortierung,https://www.wirtschaft-digital-bw.de/ki-made-in-bw/innovationswettbewerb-ki-fuer-kmu/hyperspec-sortierung-von-wertstoffen,"Hochschule Reutlingen, Korn Recycling GmbH, LuxFlux GmbH",Unbekannt,https://www.wirtschaft-digital-bw.de/ki-made-in-bw/innovationswettbewerb-ki-fuer-kmu/hyperspec-sortierung-von-wertstoffen,404.0,https://www.wirtschaft-digital-bw.de/ki-made-in-bw/innovationswettbewerb-ki-fuer-kmu/hyperspec-sortierung-von-wertstoffen,,False
https://huggingface.co/datasets/hiig-ai-lab/publicinterest-ai-projects/blob/main/Public%20Interest%20AI%20Projects%202024.xlsx,C-19,https://www.oeffentliche-it.de/documents/10181/14412/KI+im+Beh%C3%B6rdeneinsatz+-+Erfahrungen+und+Empfehlungen (S.22),"ITZBund, Ministerien und Behörden",Unbekannt,https://www.oeffentliche-it.de/documents/10181/14412/KI+im+Beh%C3%B6rdeneinsatz+-+Erfahrungen+und+Empfehlungen,404.0,https://www.oeffentliche-it.de/documents/10181/14412/KI+im+Beh%C3%B6rdeneinsatz+-+Erfahrungen+und+Empfehlungen,,True
https://huggingface.co/datasets/hiig-ai-lab/publicinterest-ai-projects/blob/main/Public%20Interest%20AI%20Projects%202024.xlsx,C-19,https://www.oeffentliche-it.de/documents/10181/14412/KI+im+Beh%C3%B6rdeneinsatz+-+Erfahrungen+und+Empfehlungen (S.22),"ITZBund, Ministerien und Behörden",Unbekannt,(S.22),,,Connection error,True
https://huggingface.co/datasets/hiig-ai-lab/publicinterest-ai-projects/blob/main/Public%20Interest%20AI%20Projects%202024.xlsx,Methods for Extremely Rapid Observation of Nutritional Status (MERON),https://kimetrica.com/our-projects/?country=&service=&search=Methods+for+Extremely+Rapid+Observation+of+Nutritional+Status#start,Kimetrica (Affiliate of the American Institutes for Research),Abgeschlossen,https://kimetrica.com/our-projects/?country=&service=&search=Methods+for+Extremely+Rapid+Observation+of+Nutritional+Status#start,,,Connection error,True
https://huggingface.co/datasets/hiig-ai-lab/publicinterest-ai-projects/blob/main/Public%20Interest%20AI%20Projects%202024.xlsx,KIVI ,https://www.medienanstalt-nrw.de/imagebroschuere/viel-mehr-als-nur-loeschen.html,Landesanstalt für Medien NRW,Unbekannt,https://www.medienanstalt-nrw.de/imagebroschuere/viel-mehr-als-nur-loeschen.html,404.0,https://www.medienanstalt-nrw.de/imagebroschuere/viel-mehr-als-nur-loeschen.html,,False
https://huggingface.co/datasets/hiig-ai-lab/publicinterest-ai-projects/blob/main/Public%20Interest%20AI%20Projects%202024.xlsx,General Computer Vision for Healthcare,https://de.mi4people.org/general-computer-vision-for-healthcare,MI4People,Laufend,https://de.mi4people.org/general-computer-vision-for-healthcare,404.0,https://www.mi4people.org/general-computer-vision-for-healthcare,,True
https://huggingface.co/datasets/hiig-ai-lab/publicinterest-ai-projects/blob/main/Public%20Interest%20AI%20Projects%202024.xlsx,Marine Litter Detection via Satellites,https://de.mi4people.org/marinelitterdetectionviasatellites,MI4People,Laufend,https://de.mi4people.org/marinelitterdetectionviasatellites,404.0,https://www.mi4people.org/marinelitterdetectionviasatellites,,True
https://huggingface.co/datasets/hiig-ai-lab/publicinterest-ai-projects/blob/main/Public%20Interest%20AI%20Projects%202024.xlsx,Soil Quality Evaluation System,https://de.mi4people.org/soil-quality-evaluation-system,MI4People,Laufend,https://de.mi4people.org/soil-quality-evaluation-system,404.0,https://www.mi4people.org/soil-quality-evaluation-system,,True
https://huggingface.co/datasets/hiig-ai-lab/publicinterest-ai-projects/blob/main/Public%20Interest%20AI%20Projects%202024.xlsx,Syrianarchive,https://syrianarchive.org/en/about/methods-tools,"Mnemonic, a non-profit organisation",Unbekannt,https://syrianarchive.org/en/about/methods-tools,404.0,https://syrianarchive.org/en/about/methods-tools,,False
https://huggingface.co/datasets/hiig-ai-lab/publicinterest-ai-projects/blob/main/Public%20Interest%20AI%20Projects%202024.xlsx,Kilkari,https://armman.org/about-us/,nonprofit organisation,Unbekannt,https://armman.org/about-us/,,,Connection error,True
https://huggingface.co/datasets/hiig-ai-lab/publicinterest-ai-projects/blob/main/Public%20Interest%20AI%20Projects%202024.xlsx,Business for Ocean Sustainability,https://www.mckinsey.com/about-us/new-at-mckinsey-blog/with-gen-ai-we-are-helping-green-businesses-strengthen-our-blue-economy,One Ocean Foundation & McKinsey,Abgeschlossen,https://www.mckinsey.com/about-us/new-at-mckinsey-blog/with-gen-ai-we-are-helping-green-businesses-strengthen-our-blue-economy,,,Timeout,True
https://huggingface.co/datasets/hiig-ai-lab/publicinterest-ai-projects/blob/main/Public%20Interest%20AI%20Projects%202024.xlsx,KI-Inspire,https://www.lms.ovgu.de/Forschung/Aktuelle+Projekte/KI_INSPIRE+%7C+Anwendung+von+KI+f%C3%BCr+den+Strahlenschutz-p-332.html https://www.z-u-g.org/foerderung/ki-leuchttuerme-fuer-umwelt-klima-natur-und-ressourcen/projekt/ki-inspire/,"Otto-von-Guericke-Universität, Universität Lübeck, Deutsches Krebsforschungszentrum",Laufend,https://www.lms.ovgu.de/Forschung/Aktuelle+Projekte/KI_INSPIRE+%7C+Anwendung+von+KI+f%C3%BCr+den+Strahlenschutz-p-332.html,404.0,https://www.lms.ovgu.de/Forschung/Aktuelle+Projekte/KI_INSPIRE+%7C+Anwendung+von+KI+f%C3%BCr+den+Strahlenschutz-p-332.html,,True
https://huggingface.co/datasets/hiig-ai-lab/publicinterest-ai-projects/blob/main/Public%20Interest%20AI%20Projects%202024.xlsx,Uwazi,https://uwazi.io/about/,"Projekt, Anwendung",Unbekannt,https://uwazi.io/about/,404.0,https://uwazi.io/about/,,False
https://huggingface.co/datasets/hiig-ai-lab/publicinterest-ai-projects/blob/main/Public%20Interest%20AI%20Projects%202024.xlsx,Health center chatbot,https://ai.hel.fi/en/health-center-chatbot/,Stadt Helsinki,Unbekannt,https://ai.hel.fi/en/health-center-chatbot/,404.0,https://ai.hel.fi/en/health-center-chatbot/,,False
https://huggingface.co/datasets/hiig-ai-lab/publicinterest-ai-projects/blob/main/Public%20Interest%20AI%20Projects%202024.xlsx,Maternity clinic chatbot NeRo,https://ai.hel.fi/en/maternity-clinic-chatbot-nero/,Stadt Helsinki,Unbekannt,https://ai.hel.fi/en/maternity-clinic-chatbot-nero/,404.0,https://ai.hel.fi/en/maternity-clinic-chatbot-nero/,,False
https://huggingface.co/datasets/hiig-ai-lab/publicinterest-ai-projects/blob/main/Public%20Interest%20AI%20Projects%202024.xlsx,Handwerkstatistiken,https://www.oeffentliche-it.de/documents/10181/14412/KI+im+Beh%C3%B6rdeneinsatz+-+Erfahrungen+und+Empfehlungen,Statistisches Bundesamt,Unbekannt,https://www.oeffentliche-it.de/documents/10181/14412/KI+im+Beh%C3%B6rdeneinsatz+-+Erfahrungen+und+Empfehlungen,404.0,https://www.oeffentliche-it.de/documents/10181/14412/KI+im+Beh%C3%B6rdeneinsatz+-+Erfahrungen+und+Empfehlungen,,False
https://huggingface.co/datasets/hiig-ai-lab/publicinterest-ai-projects/blob/main/Public%20Interest%20AI%20Projects%202024.xlsx,Kudu,https://ai4sibook.org/kudu/; ,unclear,Unbekannt,https://ai4sibook.org/kudu/,406.0,https://ai4sibook.org/kudu/,,True
https://huggingface.co/datasets/hiig-ai-lab/publicinterest-ai-projects/blob/main/Public%20Interest%20AI%20Projects%202024.xlsx,Komp-Hi,https://komp-hi.de/,Universität Kassel,Abgeschlossen,https://komp-hi.de/,,,Timeout,True
https://huggingface.co/datasets/hiig-ai-lab/publicinterest-ai-projects/blob/main/Public%20Interest%20AI%20Projects%202024.xlsx,KIkKa,https://www.z-u-g.org/foerderung/ki-leuchttuerme-fuer-umwelt-klima-natur-und-ressourcen/projekt/klkka/,"Variolytics GmbH, Hohenstaufenstadt Göppingen (Stadtentwässerung Göppingen), Universität Kassel (Fachgebiet Siedlungswasserwirtschaft, Institut für Wasser, Abfall, Umwelt), Fraunhofer-Gesellschaft zur Förderung der angewandten Forschung e. V. (Institut für Grenzflächen- und Bioverfahrenstechnik)",Unbekannt,https://www.z-u-g.org/foerderung/ki-leuchttuerme-fuer-umwelt-klima-natur-und-ressourcen/projekt/klkka/,404.0,https://www.z-u-g.org/foerderung/ki-leuchttuerme-fuer-umwelt-klima-natur-und-ressourcen/projekt/klkka/,,False
https://de.mi4people.org/general-computer-vision-for-healthcare,General Computer Vision für das Gesundheitswesen,https://de.mi4people.org/general-computer-vision-for-healthcare,MI4People gGmbH,In Weiterentwicklung,https://de.mi4people.org/general-computer-vision-for-healthcare,404.0,https://www.mi4people.org/general-computer-vision-for-healthcare,,True
https://paris-bikes-wfiz3bgwsa-ew.a.run.app,Paris Parking Demand Index,https://paris-bikes-wfiz3bgwsa-ew.a.run.app/,"CorrelAid, City of Paris",Im Testbetrieb,https://paris-bikes-wfiz3bgwsa-ew.a.run.app/,,,Timeout,True
https://laureus.shinyapps.io/Safeinsport-selfaudit/,Safeguarding Self-Audit,https://laureus.shinyapps.io/Safeinsport-selfaudit/,"Laureus, ISFC (International Safeguards for Children in Sport)",In Betrieb,https://laureus.shinyapps.io/Safeinsport-selfaudit/,405.0,https://laureus.shinyapps.io/Safeinsport-selfaudit/,,False
https://goodcitylife.org/chattymaps/project.php,Chatty Maps,"https://goodcitylife.org/chattymaps/project.php, https://goodcitylife.org/chattymaps/index.php","Nokia Bell Labs, Turin University, Goodcitylife.org",In Betrieb,https://goodcitylife.org/chattymaps/project.php,406.0,https://goodcitylife.org/chattymaps/project.php,,True
https://goodcitylife.org/chattymaps/project.php,Chatty Maps,"https://goodcitylife.org/chattymaps/project.php, https://goodcitylife.org/chattymaps/index.php","Nokia Bell Labs, Turin University, Goodcitylife.org",In Betrieb,https://goodcitylife.org/chattymaps/index.php,406.0,https://goodcitylife.org/chattymaps/index.php,,True
https://www.das-steht-dir-zu.de/,Das steht dir zu,"https://www.das-steht-dir-zu.de/start/, http://ki-chat.das-steht-dir-zu.de/, https://www.das-steht-dir-zu.de/arbeit/buergergeld/der-buergergeld-rechner/",Caritas in NRW und die Caritas- und Fachverbände in Nordrhein-Westfalen,In Betrieb,http://ki-chat.das-steht-dir-zu.de/,405.0,https://ki-chat.das-steht-dir-zu.de/,,True
https://Sunflower Care,Sunflower Care,https://Sunflower Care,sunflower care e.V.,Unbekannt,https://Sunflower,,,Connection error,True
https://Sunflower Care,Sunflower Care,https://Sunflower Care,sunflower care e.V.,Unbekannt,Care,,,Connection error,True
https://de.mi4people.org/covision,CoVision,https://covision.app/,"MI4People, InnovationLab der Stadt München, Bayerischer Blinden- und Sehbehindertenbund, TUM.ai",In Weiterentwicklung,https://covision.app/,,,Connection error,True
https://de.mi4people.org/artificialintelligenceforpediatricrarediseases,Künstliche Intelligenz für seltene Kinderkrankheiten,https://de.mi4people.org/artificialintelligenceforpediatricrarediseases,"MI4People, Care for Rare Foundation, Dr. von Haunersches Kinderspital (Ludwig-Maximilians-Universität München)",In Weiterentwicklung,https://de.mi4people.org/artificialintelligenceforpediatricrarediseases,404.0,https://www.mi4people.org/artificialintelligenceforpediatricrarediseases,,True
https://genialsozial - Sächsische Jugendstiftung,Prozessdigitalisierung bei der Sächsischen Jugendstiftung,https://genialsozial - Sächsische Jugendstiftung,Sächsische Jugendstiftung,Unbekannt,https://genialsozial,,,Connection error,True
https://genialsozial - Sächsische Jugendstiftung,Prozessdigitalisierung bei der Sächsischen Jugendstiftung,https://genialsozial - Sächsische Jugendstiftung,Sächsische Jugendstiftung,Unbekannt,-,,,Connection error,True
https://genialsozial - Sächsische Jugendstiftung,Prozessdigitalisierung bei der Sächsischen Jugendstiftung,https://genialsozial - Sächsische Jugendstiftung,Sächsische Jugendstiftung,Unbekannt,Sächsische,,,Connection error,True
https://genialsozial - Sächsische Jugendstiftung,Prozessdigitalisierung bei der Sächsischen Jugendstiftung,https://genialsozial - Sächsische Jugendstiftung,Sächsische Jugendstiftung,Unbekannt,Jugendstiftung,,,Connection error,True
https://citylab-berlin.org/de/projects/stadtlabor2go/,Stadtlabor2Go,"https://citylab-berlin.org/de/projects/labcamp/, https://zukunftswerk.wiesbaden.de/, https://www.moenchengladbach.de/de/aktuell-aktiv/newsroom/das-neue-stadtlabormg-sorgt-fuer-digitale-bildung-und-beteiligung-rund-um-die-digitalisierung-der-stadt, https://citylab-berlin.org/de/blog/digitale-souveraenitaet-fuer-die-berliner-verwaltung/, https://citylab-berlin.org/en/newsletter, https://gemeinsamdigital.berlin.de/de/, https://citylab-berlin.org/de/wissensspeicher/, https://kiezlabor.de/, https://www.wiesbaden.de/wirtschaft/wirtschaftsstandort/zukunftswerk.php, https://citylab-berlin.org/de/blog/prototyping-im-stadtraum/, https://www.egovernment.de/nutzerzentrierte-digitalisierung-im-stadtlabor2go-a-c21179e2f18ba56f79f015e7d74f5da8/, https://citylab-berlin.org/de/blog/theorie-trifft-realitaet-warum-prozesse-selten-so-ablaufen-wie-geplant/",CityLAB Berlin,Laufend,https://www.wiesbaden.de/wirtschaft/wirtschaftsstandort/zukunftswerk.php,404.0,https://www.wiesbaden.de/wirtschaft/wirtschaftsstandort/zukunftswerk,,True
https://citylab-berlin.org/de/projects/labcamp/,LabCamp,"https://www.notion.so/politicsfortomorrow/LabCamp-Vernetzungstreffen-ffentlicher-Innovationslabore-344f776f4ddd46f8b20dfe93f8e29a4f, https://join.slack.com/t/labcamp-workspace/shared_invite/zt-29n7h1zib-eSo5kqtGZFNGCZbF67xGxA, https://www.witi-innovation.de/atlas-der-innovation/, https://next-netz.de/, https://citylab-berlin.org/wp-content/uploads/2019/06/LabCamp-Positionspapier-20240808finaleversion.pdf, https://citylab-berlin.org/de/newsletter/, https://dit.bund.de/, https://stadtlabor-soest.de/, https://citylab-berlin.org/de/start/, https://www.politicsfortomorrow.eu/",CityLAB Berlin,Laufend,https://www.witi-innovation.de/atlas-der-innovation/,503.0,https://www.witi-innovation.de/atlas-der-innovation/,SSL warning (unverified),True
https://citylab-berlin.org/de/projects/labcamp/,LabCamp,"https://www.notion.so/politicsfortomorrow/LabCamp-Vernetzungstreffen-ffentlicher-Innovationslabore-344f776f4ddd46f8b20dfe93f8e29a4f, https://join.slack.com/t/labcamp-workspace/shared_invite/zt-29n7h1zib-eSo5kqtGZFNGCZbF67xGxA, https://www.witi-innovation.de/atlas-der-innovation/, https://next-netz.de/, https://citylab-berlin.org/wp-content/uploads/2019/06/LabCamp-Positionspapier-20240808finaleversion.pdf, https://citylab-berlin.org/de/newsletter/, https://dit.bund.de/, https://stadtlabor-soest.de/, https://citylab-berlin.org/de/start/, https://www.politicsfortomorrow.eu/",CityLAB Berlin,Laufend,https://dit.bund.de/,,,Connection error,True
https://citylab-berlin.org/de/projects/summerschool/,Summer School,"https://campus-stories.htw-berlin.de/jahr/2024/welche-papiere-fuer-ein-berlin-semester-frag-lia/, https://hydrotower.de/, https://spore-initiative.org/de/ueber-spore/im-werden/, https://edgecity.htw-berlin.de/, https://junge-tueftler.de/, https://citylab-berlin.org/de/blog/summer-school-kottiflow/, https://citylab-berlin.org/de/events/summerschool2021/, https://zukunftstadt.berlin/transferale, https://www.berlin.de/lb/intmig/, https://citylab-berlin.org/de/events/urbaninnovation/, https://citylab-berlin.org/de/events/summer-school-2023/, https://radbahn.berlin/de, https://www.fixmycity.de/, https://citylab-berlin.org/events/summerschool2020/, https://www.dw.com/en/digital-solutions-for-sustainable-cities/av-55899838, https://minor-kontor.de/, https://citylab-berlin.org/de/blog/welcome-to-berlin-die-citylab-summer-school-2024/, https://www.flickr.com/photos/182217318@N05/albums/72157711071189623, https://citylab-berlin.org/de/blog/summer-school-2023-prototyping-fur-die-gesunde-stadt/, https://citylab-berlin.org/de/events/summer-school-2024/, https://citylab-berlin.org/de/events/summer-school-2025-stadt-wald-labor-digitale-perspektiven-auf-oekologische-raeume/, https://citylab-berlin.org/de/events/summer-school-2022-gruene-welle/",CityLAB Berlin,Laufend,https://edgecity.htw-berlin.de/,,,Connection error,True
https://citylab-berlin.org/de/projects/hacking-box-goes-citylab/,Hacking Box goes CityLAB Berlin,https://www.technologiestiftung-berlin.de/projekte/hacking-box,CityLAB Berlin,Laufend,https://www.technologiestiftung-berlin.de/projekte/hacking-box,,,Timeout,True
https://citylab-berlin.org/de/projects/digitalvereint/,Digital Vereint – mit digitalen Tools das Berliner Ehrenamt stärken,"Ausgangslage:, https://www.digital-vereint.berlin/de, https://digital-vereint.berlin/de, https://citylab-berlin.org/de/blog/vier-jahre-digital-vereint-ein-rueckblick/",CityLAB Berlin,Abgeschlossen,Ausgangslage:,,,Connection error,True
https://citylab-berlin.org/de/projects/qtrees/,Quantified Trees (Qtrees): Intelligente Bewässerungsvorhersage für Stadtbäume,"https://www.bmu.de/, https://citylab-berlin.org/wp-admin/myrian.rigal@ts.berlin, https://www.berlin.de/ba-mitte/politik-und-verwaltung/aemter/strassen-und-gruenflaechenamt/, https://baumblick.qtrees.ai, https://www.technologiestiftung-berlin.de/de/startseite/",CityLAB Berlin,Abgeschlossen,https://citylab-berlin.org/wp-admin/myrian.rigal@ts.berlin,404.0,https://citylab-berlin.org/wp-admin/myrian.rigal@ts.berlin,,True
https://citylab-berlin.org/de/projects/afs-dashboard/,Verwaltungsdashboard,"https://www.berlin.de/rbmskzl/politik/verwaltungssteuerung/aktuelles/artikel.1097486.php, https://citylab-berlin.org/de/blog/dash-neues-monitoring-dashboard-fuer-die-berliner-verwaltung/",CityLAB Berlin,Abgeschlossen,https://www.berlin.de/rbmskzl/politik/verwaltungssteuerung/aktuelles/artikel.1097486.php,404.0,https://www.berlin.de/rbmskzl/politik/verwaltungssteuerung/aktuelles/artikel.1097486.php,,True
https://citylab-berlin.org/de/projects/schatten/,Berliner Erfrischungskarte,"https://erfrischungskarte.odis-berlin.de, https://fbinter.stadt-berlin.de/fb/index.jsp?loginkey=zoomStart&mapId=k_dom@senstadt&bbox=387046,5818588,391547,5821400, https://www.berlin.de/umweltatlas/klima/klimaanalyse/2014/karten/, https://github.com/technologiestiftung/berlin-shade-map, https://odis-berlin.de",CityLAB Berlin,Abgeschlossen,5818588,,,Connection error,True
https://citylab-berlin.org/de/projects/schatten/,Berliner Erfrischungskarte,"https://erfrischungskarte.odis-berlin.de, https://fbinter.stadt-berlin.de/fb/index.jsp?loginkey=zoomStart&mapId=k_dom@senstadt&bbox=387046,5818588,391547,5821400, https://www.berlin.de/umweltatlas/klima/klimaanalyse/2014/karten/, https://github.com/technologiestiftung/berlin-shade-map, https://odis-berlin.de",CityLAB Berlin,Abgeschlossen,391547,,,Connection error,True
https://citylab-berlin.org/de/projects/schatten/,Berliner Erfrischungskarte,"https://erfrischungskarte.odis-berlin.de, https://fbinter.stadt-berlin.de/fb/index.jsp?loginkey=zoomStart&mapId=k_dom@senstadt&bbox=387046,5818588,391547,5821400, https://www.berlin.de/umweltatlas/klima/klimaanalyse/2014/karten/, https://github.com/technologiestiftung/berlin-shade-map, https://odis-berlin.de",CityLAB Berlin,Abgeschlossen,5821400,,,Connection error,True
https://citylab-berlin.org/de/projects/clair/,Clair Berlin,"https://clair-berlin.de/mitmachen.html, https://www.technologiestiftung-berlin.de/projekte/como-berlin, https://clair-berlin.de/",CityLAB Berlin,Abgeschlossen,https://clair-berlin.de/mitmachen.html,,,"HTTPSConnectionPool(host='clair-berlin.de', port=443): Max retries exceeded with url: /mitmachen.html (Caused by SSLError(SSLError(1, '[SSL: TLSV1_ALERT_INTERNAL_ERROR] tlsv1 alert internal error (_ssl.c:1007)')))",True
https://citylab-berlin.org/de/projects/clair/,Clair Berlin,"https://clair-berlin.de/mitmachen.html, https://www.technologiestiftung-berlin.de/projekte/como-berlin, https://clair-berlin.de/",CityLAB Berlin,Abgeschlossen,https://www.technologiestiftung-berlin.de/projekte/como-berlin,,,Timeout,True
https://citylab-berlin.org/de/projects/clair/,Clair Berlin,"https://clair-berlin.de/mitmachen.html, https://www.technologiestiftung-berlin.de/projekte/como-berlin, https://clair-berlin.de/",CityLAB Berlin,Abgeschlossen,https://clair-berlin.de/,,,"HTTPSConnectionPool(host='clair-berlin.de', port=443): Max retries exceeded with url: / (Caused by SSLError(SSLError(1, '[SSL: TLSV1_ALERT_INTERNAL_ERROR] tlsv1 alert internal error (_ssl.c:1007)')))",True
https://citylab-berlin.org/de/projects/startupmapping/,Berlin Urban Tech-Datenbank,https://www.urbanimpact.eu,CityLAB Berlin,Abgeschlossen,https://www.urbanimpact.eu,,,Timeout,True
https://codefor.de/projekte/2018-24-11-1000-lorawan-nodes-im-laendlichen-raum/,1000 LoRaWAN Nodes im ländlichen Raum von Schleswig-Holstein,"https://iot-usergroup.de/projekte/1000-lorawan-nodes-im-laendlichen-raum-von-schleswig-holstein/, https://gitlab.com/iotssl/nucleon-nodes","OK Lab Kreis Schleswig-Flensburg, Code for Germany",Laufend,https://iot-usergroup.de/projekte/1000-lorawan-nodes-im-laendlichen-raum-von-schleswig-holstein/,,,Connection error,True
https://codefor.de/projekte/chartchallenge/,30 Day Chart Challenge Bielefeld,https://bsky.app/profile/codeforbielefeld.bsky.social,"Code for Bielefeld, Code for Germany",Laufend,https://bsky.app/profile/codeforbielefeld.bsky.social,404.0,https://bsky.app/profile/codeforbielefeld.bsky.social,,False
https://codefor.de/projekte/da-ars-tool/,ARS-Tool,"https://opengovtech.de/ars/, https://github.com/codedust/ars-tool/",Code for Germany,Laufend,https://opengovtech.de/ars/,,,Connection error,True
https://codefor.de/projekte/2018-23-09-aufbau-von-lorawan-gateways-im-laendlichen-raum/,Aufbau von LoRaWAN Gateways im ländlichen Raum,https://nucleon-ev.eu/best-of-digital-2018/,"OK Lab Kreis Schleswig-Flensburg, Code for Germany",Laufend,https://nucleon-ev.eu/best-of-digital-2018/,,,Connection error,True
https://codefor.de/projekte/badeseen-hessen/,Badeseen in Hessen,"https://play.google.com/store/apps/details?id=de.codefor.giessen.Badeseenapp, https://github.com/CodeForGiessen/badeseenapp, https://github.com/CodeForGiessen/badeseenservice, http://badeseen.hlug.de/","OK Lab Gießen, Code for Germany",Abgeschlossen,https://play.google.com/store/apps/details?id=de.codefor.giessen.Badeseenapp,404.0,https://play.google.com/store/apps/details?id=de.codefor.giessen.Badeseenapp,,True
https://codefor.de/projekte/badeseen-hessen/,Badeseen in Hessen,"https://play.google.com/store/apps/details?id=de.codefor.giessen.Badeseenapp, https://github.com/CodeForGiessen/badeseenapp, https://github.com/CodeForGiessen/badeseenservice, http://badeseen.hlug.de/","OK Lab Gießen, Code for Germany",Abgeschlossen,http://badeseen.hlug.de/,404.0,http://badeseen.hlug.de/,,True
https://codefor.de/projekte/pricemap-eu/,Bahn- und Buspreiskarte,"https://pricemap.eu, https://github.com/juliuste/pricemap.eu","OK Lab Berlin, Code for Germany",Laufend,https://github.com/juliuste/pricemap.eu,404.0,https://github.com/juliuste/pricemap.eu,,True
https://codefor.de/projekte/hh-baumkataster/,Baumkataster nutzen,"http://achim-tack.de/projects/strassenbaeume/hh_strassenbaumkataster.html, http://www.hmdk.de/portal/_ns:YTU4fGMwfGQwfGVwbHVnaWQ9MT0vaW5ncmlkLWdyb3VwOmRzYy1zY3JpcHRlZC1pbnRlcm5ldHxlZG9jdXVpZD0xPUQzRkE3OTZGLTNEMTItNDc4NC1CN0YyLUUxOTg1NTQ3MkQyQQ__/search-detail.psml;jsessionid=7079CB7853A5FFD7B935CBEFFF66AD8F","OK Lab Hamburg, Code for Germany",Unbekannt,jsessionid=7079CB7853A5FFD7B935CBEFFF66AD8F,,,Connection error,True
https://codefor.de/projekte/bn-baustellen/,Baustellen Übersicht,http://wipokar.de/maps/bonn_baustelle/,"OK Lab Bonn-Rhein-Sieg, Code for Germany",Laufend,http://wipokar.de/maps/bonn_baustelle/,,,Connection error,True
https://codefor.de/projekte/p-brandengo/,BrandenGo,"https://brandengo.de, https://github.com/open-data-potsdam/brandengo","OK Lab Potsdam, Code for Germany",Laufend,https://brandengo.de,,,Connection error,True
https://codefor.de/projekte/hn-bad-wimpfen-app/,City-App für Bad Wimpfen,"http://blog.opendatalab.de/opendata/2015/04/29/bad-wimpfen-app/, https://itunes.apple.com/app/apple-store/id989719442?pt=74937800&ct=ODL&mt=8","Code for Heilbronn, Code for Germany",Abgeschlossen,http://blog.opendatalab.de/opendata/2015/04/29/bad-wimpfen-app/,404.0,http://blog.opendatalab.de/opendata/2015/04/29/bad-wimpfen-app/,,True
https://codefor.de/projekte/hn-bad-wimpfen-app/,City-App für Bad Wimpfen,"http://blog.opendatalab.de/opendata/2015/04/29/bad-wimpfen-app/, https://itunes.apple.com/app/apple-store/id989719442?pt=74937800&ct=ODL&mt=8","Code for Heilbronn, Code for Germany",Abgeschlossen,https://itunes.apple.com/app/apple-store/id989719442?pt=74937800&ct=ODL&mt=8,404.0,https://apps.apple.com/app/apple-store/id989719442,,True
https://codefor.de/projekte/hn-codeweek/,Code Week Heilbronn,"http://coworking-heilbronn.org/code-week-heilbronn-2015/, http://blog.opendatalab.de/opendata/2016/01/18/code-week-2015","Code for Heilbronn, Code for Germany",Abgeschlossen,http://coworking-heilbronn.org/code-week-heilbronn-2015/,404.0,https://coworking-heilbronn.org/code-week-heilbronn-2015,,True
https://codefor.de/projekte/dus-cycledorf/,CycleDorf,"http://www.cycledorf.de/, https://github.com/codefordus/CycleDorf-iOS, https://github.com/codefordus/CycleDorf-Android, https://codefordus.hackpad.com/collection/FvUzMKdDmvA","OK Lab Düsseldorf, Code for Germany",Laufend,http://www.cycledorf.de/,,,Connection error,True
https://codefor.de/projekte/dus-cycledorf/,CycleDorf,"http://www.cycledorf.de/, https://github.com/codefordus/CycleDorf-iOS, https://github.com/codefordus/CycleDorf-Android, https://codefordus.hackpad.com/collection/FvUzMKdDmvA","OK Lab Düsseldorf, Code for Germany",Laufend,https://codefordus.hackpad.com/collection/FvUzMKdDmvA,,,"HTTPSConnectionPool(host='codefordus.hackpad.com', port=443): Max retries exceeded with url: /collection/FvUzMKdDmvA (Caused by SSLError(SSLEOFError(8, '[SSL: UNEXPECTED_EOF_WHILE_READING] EOF occurred in violation of protocol (_ssl.c:1007)')))",True
https://codefor.de/projekte/be-datenwaben/,Datenwaben,"http://daten-waben.tursics.de/, https://github.com/tursics/data-dashboard","OK Lab Berlin, Code for Germany",Laufend,http://daten-waben.tursics.de/,,,Timeout,True
https://codefor.de/projekte/denkmal-magdeburg/,Denkmal Magdeburg,"https://vis.one/denkmal-magdeburg/, https://github.com/code-for-magdeburg/denkmal-magdeburg","OK Lab Magdeburg, Code for Germany",Abgeschlossen,https://vis.one/denkmal-magdeburg/,,,Connection error,True
https://codefor.de/projekte/p-hiddenkosmos/,Exploring the Hidden Kosmos,"http://humboldt-kosmos.oklab-potsdam.de/, https://github.com/calculatinginfinity/ExploringTheHiddenKosmos","OK Lab Potsdam, Code for Germany",Abgeschlossen,http://humboldt-kosmos.oklab-potsdam.de/,,,"HTTPSConnectionPool(host='humboldt-kosmos.oklab-potsdam.de', port=443): Max retries exceeded with url: / (Caused by SSLError(SSLError(1, '[SSL: TLSV1_ALERT_INTERNAL_ERROR] tlsv1 alert internal error (_ssl.c:1007)')))",True
https://codefor.de/projekte/le-fancylvbot/,fancyLVBot,"https://github.com/CodeforLeipzig/fancy_LVB_Telegram_Bot, https://gtfs.leipzig.codefor.de","OK Lab Leipzig, Code for Germany",Laufend,https://gtfs.leipzig.codefor.de,,,Connection error,True
https://codefor.de/projekte/hn-farmbot/,Farmbot // Code for Buga 2019,"https://codeforheilbronn.de/projects/2016-01-01-farmbot, https://codeforheilbronn.de/categories/#farmbot, http://award.codeweek.de/projects/code-for-buga-heilbronn-2016/, https://github.com/opendata-heilbronn/farmbot","Code for Heilbronn, Code for Germany",Abgeschlossen,https://codeforheilbronn.de/projects/2016-01-01-farmbot,404.0,https://codeforheilbronn.de/projects/2016-01-01-farmbot,,True
https://codefor.de/projekte/hn-farmbot/,Farmbot // Code for Buga 2019,"https://codeforheilbronn.de/projects/2016-01-01-farmbot, https://codeforheilbronn.de/categories/#farmbot, http://award.codeweek.de/projects/code-for-buga-heilbronn-2016/, https://github.com/opendata-heilbronn/farmbot","Code for Heilbronn, Code for Germany",Abgeschlossen,http://award.codeweek.de/projects/code-for-buga-heilbronn-2016/,401.0,http://award.codeweek.de/projects/code-for-buga-heilbronn-2016/,,True
https://codefor.de/projekte/dd-freieparkplaetze/,Freie Parkplätze Dresden,"https://ubahn.draco.uberspace.de/opendata/ui/, https://jkliemann.de/parkendd/, https://parkendd.kilian.io, https://mechlab-engineering.de/2015/03/vorhersage-der-parkhausbelegung-mit-offenen-daten/","Open Data Dresden, Code for Germany",Laufend,https://ubahn.draco.uberspace.de/opendata/ui/,404.0,https://ubahn.draco.uberspace.de/opendata/ui/,SSL warning (unverified),True
https://codefor.de/projekte/dd-freieparkplaetze/,Freie Parkplätze Dresden,"https://ubahn.draco.uberspace.de/opendata/ui/, https://jkliemann.de/parkendd/, https://parkendd.kilian.io, https://mechlab-engineering.de/2015/03/vorhersage-der-parkhausbelegung-mit-offenen-daten/","Open Data Dresden, Code for Germany",Laufend,https://parkendd.kilian.io,,,Connection error,True
https://codefor.de/projekte/historic-berlin/,Historische Entwicklung Berlins,"http://community.codefor.de/entwicklung-berlins/, https://github.com/jochenklar/entwicklung-berlins","OK Lab Berlin, Code for Germany",Abgeschlossen,http://community.codefor.de/entwicklung-berlins/,,,Connection error,True
https://codefor.de/projekte/muc-ddj/,How-To Datenjournalismus,http://howto.ddjdach.de,"OK Lab München, Code for Germany",Abgeschlossen,http://howto.ddjdach.de,405.0,https://ddjdach.de/,,True
https://codefor.de/projekte/le-intelligentes-rathaus/,Intelligentes Rathaus Leipzig,"https://stadtratmonitor.codeforleipzig.de, https://github.com/CodeforLeipzig/stadtratmonitor-scraper, https://github.com/CodeforLeipzig/stadtratmonitor-frontend, https://github.com/orgs/CodeforLeipzig/projects/2, https://ratsinfo.leipzig.de","OK Lab Leipzig, Code for Germany",Laufend,https://stadtratmonitor.codeforleipzig.de,404.0,https://stadtratmonitor.codeforleipzig.de/,SSL warning (unverified),True
https://codefor.de/projekte/blitzerkarte-chemnitz/,Karte Chemnitzer Blitzer,http://morrisjobke.cartodb.com/viz/00030762-7ce5-11e4-9b32-0e4fddd5de28/public_map,"OK Lab Chemnitz, Code for Germany",Unbekannt,http://morrisjobke.cartodb.com/viz/00030762-7ce5-11e4-9b32-0e4fddd5de28/public_map,404.0,https://carto.com/noneuser.html,SSL warning (unverified),True
https://codefor.de/projekte/bn-opendatamap-nrw/,Karte der Open Data – Angebote in NRW,"http://data.paderta.com/OpenData-NRW-Map/, https://github.com/daimpad/OpenData_Map_NRW","OK Lab Bonn-Rhein-Sieg, Code for Germany",Abgeschlossen,http://data.paderta.com/OpenData-NRW-Map/,404.0,http://data.paderta.com/OpenData-NRW-Map/,,True
https://codefor.de/projekte/p-kitarechner/,Kitarechner für Potsdam,"https://kitarechner.oklab-potsdam.de, https://github.com/open-data-potsdam/Kita-Gebuehrenrechner-Potsdam","OK Lab Potsdam, Code for Germany",Laufend,https://kitarechner.oklab-potsdam.de,,,"HTTPSConnectionPool(host='kitarechner.oklab-potsdam.de', port=443): Max retries exceeded with url: / (Caused by SSLError(SSLError(1, '[SSL: TLSV1_ALERT_INTERNAL_ERROR] tlsv1 alert internal error (_ssl.c:1007)')))",True
https://codefor.de/projekte/le-kitas_und_schulen_in_leipzig/,Kitas und Schulen Verzeichnis Leipzig,"http://www.leipzig.de/jugend-familie-und-soziales/schulen-und-bildung/schulen/, https://github.com/CodeforLeipzig/kidsle, https://kidsle.leipzig.codefor.de/","OK Lab Leipzig, Code for Germany",Abgeschlossen,https://kidsle.leipzig.codefor.de/,,,Connection error,True
https://codefor.de/projekte/hn-klickde/,Klick Deutschland,"http://klickde.opendatalab.de/, https://github.com/opendatalab-de/click_that_hood","Code for Heilbronn, Code for Germany",Abgeschlossen,http://klickde.opendatalab.de/,403.0,https://klickde.opendatalab.de/,SSL warning (unverified),True
https://codefor.de/projekte/ffpb-krombel/,Krombels Dash auf Android,"https://play.google.com/store/apps/details?id=net.freifunk.paderborn.krombel, https://github.com/codeforpb/ffpb-apps","CodeforPB, Code for Germany",Laufend,https://play.google.com/store/apps/details?id=net.freifunk.paderborn.krombel,404.0,https://play.google.com/store/apps/details?id=net.freifunk.paderborn.krombel,,True
https://codefor.de/projekte/cologne-kvbrad/,KVB Fahrräder in Köln,"https://tom.cologne.codefor.de/kvbrad/, https://github.com/codeforcologne/kvbrad","OK Lab Köln, Code for Germany",Laufend,https://tom.cologne.codefor.de/kvbrad/,,,Connection error,True
https://codefor.de/projekte/da-leika-tool/,LeiKa-Tool,"https://opengovtech.de/leika/, https://github.com/codedust/leika-tool/",Code for Germany,Laufend,https://opengovtech.de/leika/,,,Connection error,True
https://codefor.de/projekte/le-leipziggiesst/,Leipzig giesst,"https://www.leipziggiesst.de/, https://app.leipziggiesst.de/, https://play.google.com/store/apps/details?id=webviewgold.leipziggiesst, https://apps.apple.com/de/app/leipzig-gie%c3%9ft/id6443637713?platform=iphone, https://github.com/CodeforLeipzig/leipziggiesst","OK Lab Leipzig, Code for Germany",Laufend,https://app.leipziggiesst.de/,,,"HTTPSConnectionPool(host='app.leipziggiesst.de', port=443): Max retries exceeded with url: / (Caused by SSLError(SSLError(1, '[SSL: TLSV1_ALERT_INTERNAL_ERROR] tlsv1 alert internal error (_ssl.c:1007)')))",True
https://codefor.de/projekte/le-leipzigpumpt/,Leipzig pumpt,"https://codeforleipzig.github.io/leipzig_auf_pump/, https://github.com/CodeforLeipzig/leipzig_auf_pump, https://stiftung-ecken-wecken.de/content/leipzig-pumpt-handschwengelpumpen-wiederbeleben","OK Lab Leipzig, Code for Germany",Abgeschlossen,https://stiftung-ecken-wecken.de/content/leipzig-pumpt-handschwengelpumpen-wiederbeleben,404.0,https://stiftung-ecken-wecken.de/content/leipzig-pumpt-handschwengelpumpen-wiederbeleben,,True
https://codefor.de/projekte/dus-ruhr-lernmedien-buddy/,Lernmedien-Buddy,"https://github.com/publicplan/hackathon-prototype, http://www.learnline.schulministerium.nrw.de","OK Lab Ruhrgebiet, Code for Germany",Laufend,https://github.com/publicplan/hackathon-prototype,404.0,https://github.com/publicplan/hackathon-prototype,,True
https://codefor.de/projekte/dus-ruhr-lernmedien-buddy/,Lernmedien-Buddy,"https://github.com/publicplan/hackathon-prototype, http://www.learnline.schulministerium.nrw.de","OK Lab Ruhrgebiet, Code for Germany",Laufend,http://www.learnline.schulministerium.nrw.de,,,Connection error,True
https://codefor.de/projekte/jena-linkedopenhaushalt/,Linked Open Haushalt,"http://www.offenes-jena.com/Apps/OffenerHaushalt, https://github.com/OffenesJena/OffenerHaushalt","OK Lab Jena, Code for Germany",Laufend,http://www.offenes-jena.com/Apps/OffenerHaushalt,,,Connection error,True
https://codefor.de/projekte/hn-lorawan/,LoRaWAN Gateways in Heilbronn,"https://codeforheilbronn.de/projects/2018-02-08-LoraWan, https://codeforheilbronn.de/2018/05/17/ttn-lora-gateway.html","Code for Heilbronn, Code for Germany",Laufend,https://codeforheilbronn.de/projects/2018-02-08-LoraWan,404.0,https://codeforheilbronn.de/projects/2018-02-08-LoraWan,,True
https://codefor.de/projekte/hn-lorawan/,LoRaWAN Gateways in Heilbronn,"https://codeforheilbronn.de/projects/2018-02-08-LoraWan, https://codeforheilbronn.de/2018/05/17/ttn-lora-gateway.html","Code for Heilbronn, Code for Germany",Laufend,https://codeforheilbronn.de/2018/05/17/ttn-lora-gateway.html,404.0,https://codeforheilbronn.de/2018/05/17/ttn-lora-gateway.html,,True
https://codefor.de/projekte/magdeburg-magd-o-mat/,Magd-O-Mat 2019,https://www.magdeburg-waehlt.de,"OK Lab Magdeburg, Code for Germany",Abgeschlossen,https://www.magdeburg-waehlt.de,,,Connection error,True
https://codefor.de/projekte/magdeburg-magd-o-mat-2024/,Magd-O-Mat 2024,https://www.magdeburg-waehlt.de,"OK Lab Magdeburg, Code for Germany",Laufend,https://www.magdeburg-waehlt.de,,,Connection error,True
https://codefor.de/projekte/magdeburg-magdego/,MagdeGo,http://magdego.de,"OK Lab Magdeburg, Code for Germany",Abgeschlossen,http://magdego.de,405.0,http://magdego.de/,,True
https://codefor.de/projekte/stgt-efa-meta-api/,Meta API für Elektronische Fahrplanauskunft,"http://efa.asw.io/, https://efa-api.asw.io, https://github.com/opendata-stuttgart, http://www.stuttgarter-zeitung.de/inhalt.open-vvs-day-von-stoerungsmelder-bis-tarifabitur.68a3662d-8bc0-4a99-941a-2454d077520c.html, https://de.wikipedia.org/wiki/Elektronische_Fahrplanauskunft_%28Software%29","OK Lab Stuttgart, Code for Germany",Laufend,http://efa.asw.io/,,,Connection error,True
https://codefor.de/projekte/stgt-efa-meta-api/,Meta API für Elektronische Fahrplanauskunft,"http://efa.asw.io/, https://efa-api.asw.io, https://github.com/opendata-stuttgart, http://www.stuttgarter-zeitung.de/inhalt.open-vvs-day-von-stoerungsmelder-bis-tarifabitur.68a3662d-8bc0-4a99-941a-2454d077520c.html, https://de.wikipedia.org/wiki/Elektronische_Fahrplanauskunft_%28Software%29","OK Lab Stuttgart, Code for Germany",Laufend,https://efa-api.asw.io,,,Connection error,True
https://codefor.de/projekte/metacollect/,metacollect,"http://metacollect.org, https://github.com/metacollect-org/","OK Lab Berlin, Code for Germany",Laufend,http://metacollect.org,,,Connection error,True
https://codefor.de/projekte/wpt-offenerhaushalt/,Offener Haushalt Wuppertal,"http://opendata.devtal.de/tree.php, https://github.com/Opendatal/Offener-Haushalt","OK Lab Wuppertal, Code for Germany",Laufend,http://opendata.devtal.de/tree.php,404.0,http://www.devtal.de/tree.php,,True
https://codefor.de/projekte/offenerrat/,Offener Rat Münster,"http://rat.codeformuenster.org/, http://github.com/codeformuenster/offenerrat-ms","Code for Münster, Code for Germany",Laufend,http://rat.codeformuenster.org/,,,Connection error,True
https://codefor.de/projekte/jena-offenesratsinformationssystem/,Offener Stadtrat,"http://www.offenes-jena.com/Apps/Stadtrat, https://github.com/OffenesJena/OffenerStadtrat","OK Lab Jena, Code for Germany",Laufend,http://www.offenes-jena.com/Apps/Stadtrat,,,Connection error,True
https://codefor.de/projekte/fl-open-data-api/,Open Data API,"https://github.com/oklabflensburg/open-data-api, https://api.oklabflensburg.de","OK Lab Flensburg, Code for Germany",Laufend,https://api.oklabflensburg.de,405.0,https://api.oklabflensburg.de/,,True
https://codefor.de/projekte/pb-kneipen/,Paderborner Kneipenplan,"https://fsmi.uni-paderborn.de/kneipenplan/, http://codeforpb.github.io/Kneipenplan/, https://github.com/codeforpb/Kneipenplan","CodeforPB, Code for Germany",Unbekannt,https://fsmi.uni-paderborn.de/kneipenplan/,404.0,https://fsmi.uni-paderborn.de/kneipenplan/,,True
https://codefor.de/projekte/ms-parkleit-api/,Parkleitsystem API Münster,"http://parkleit-api.codeformuenster.org/, https://github.com/codeformuenster/parkleitsystem-api","Code for Münster, Code for Germany",Unbekannt,http://parkleit-api.codeformuenster.org/,,,Connection error,True
https://codefor.de/projekte/hn-poetryslam/,Poetry Slam,"http://poetryslam.opendatalab.de/admin.html, https://github.com/opendata-heilbronn/poetryslam, https://codeforheilbronn.de/projects/2016-12-01-slammaster","Code for Heilbronn, Code for Germany",Laufend,http://poetryslam.opendatalab.de/admin.html,404.0,http://poetryslam.opendatalab.de/admin.html,,True
https://codefor.de/projekte/hn-poetryslam/,Poetry Slam,"http://poetryslam.opendatalab.de/admin.html, https://github.com/opendata-heilbronn/poetryslam, https://codeforheilbronn.de/projects/2016-12-01-slammaster","Code for Heilbronn, Code for Germany",Laufend,https://codeforheilbronn.de/projects/2016-12-01-slammaster,404.0,https://codeforheilbronn.de/projects/2016-12-01-slammaster,,True
https://codefor.de/projekte/portable-linked-profiles/,Portable Linked Profiles,"https://github.com/hackers4peace/plp-docs, http://profiles.allmende.io/, http://directory.open-steps.org/","OK Lab Berlin, Code for Germany",Unbekannt,http://directory.open-steps.org/,,,Connection error,True
https://codefor.de/projekte/radlquartier/,Radlquartier München,"http://mvg.manuel.red, https://github.com/codeformunich/radlquartier, https://transit.robbi5.com","OK Lab München, Code for Germany",Laufend,http://mvg.manuel.red,404.0,http://mvg.manuel.red/,,True
https://codefor.de/projekte/radlquartier/,Radlquartier München,"http://mvg.manuel.red, https://github.com/codeformunich/radlquartier, https://transit.robbi5.com","OK Lab München, Code for Germany",Laufend,https://transit.robbi5.com,,,Connection error,True
https://codefor.de/projekte/dd-ratskarte/,Ratskarte Dresden,"http://ratskarte.offenesdresden.de/, https://github.com/astro/democropticon","Open Data Dresden, Code for Germany",Unbekannt,http://ratskarte.offenesdresden.de/,,,Connection error,True
https://codefor.de/projekte/magdeburg-rechte-gewalt/,Rechte Gewalt in Deutschland,https://vis.one/rechte-gewalt,"OK Lab Magdeburg, Code for Germany",Abgeschlossen,https://vis.one/rechte-gewalt,,,Connection error,True
https://codefor.de/projekte/hn-muellabfuhrtermine/,Recyclinghof-Finder,"http://recycling.gonam.de/, https://github.com/opendatalab-de/recycling-map","Code for Heilbronn, Code for Germany",Laufend,http://recycling.gonam.de/,,,Connection error,True
https://codefor.de/projekte/cologne-sagsunskoeln/,Sag's uns App Köln,"http://, https://github.com/codeforcologne/sagsunskoeln-app","OK Lab Köln, Code for Germany",Laufend,http://,,,Invalid URL 'http://': No host supplied,True
https://codefor.de/projekte/schulen-in-nrw/,Schulen in NRW,"http://unserpad.de/p/SchulenNRW, https://github.com/CodeforRuhrgebiet/schulen-in-nrw, https://open.nrw/de/dataset/msw_001","OK Lab Ruhrgebiet, Code for Germany",Laufend,http://unserpad.de/p/SchulenNRW,500.0,https://unserpad.de/p/SchulenNRW,,True
https://codefor.de/projekte/schulen-in-nrw/,Schulen in NRW,"http://unserpad.de/p/SchulenNRW, https://github.com/CodeforRuhrgebiet/schulen-in-nrw, https://open.nrw/de/dataset/msw_001","OK Lab Ruhrgebiet, Code for Germany",Laufend,https://open.nrw/de/dataset/msw_001,404.0,https://open.nrw/de/dataset/msw_001,,True
https://codefor.de/projekte/schulradar-ruhrgebiet/,Schulradar Ruhrgebiet,"https://codeforruhrgebiet.github.io/schulradar/, https://github.com/CodeforRuhrgebiet/schulradar, https://open.nrw/de/dataset/msw_001","OK Lab Ruhrgebiet, Code for Germany",Laufend,https://open.nrw/de/dataset/msw_001,404.0,https://open.nrw/de/dataset/msw_001,,True
https://codefor.de/projekte/be-feinstaub-sos/,SOS für Feinstaub-Daten,"https://github.com/52North/SOS, https://github.com/52North/sos-importer, https://github.com/52North/js-sensorweb-client, /projekte/2014-07-01-be-blume.html, https://github.com/johnjohndoe/SOS-Importer-Blume, https://github.com/johnjohndoe/blume_sos_adapter","OK Lab Berlin, Code for Germany",Laufend,/projekte/2014-07-01-be-blume.html,,,Invalid URL 'https:///projekte/2014-07-01-be-blume.html': No host supplied,True
https://codefor.de/projekte/le-ratskarte_leipzig/,Stadtratmonitor Leipzig,"https://stadtratmonitor.leipzig.codefor.de/, https://ratsinfo.leipzig.de, https://github.com/CodeforLeipzig/allris-scraper, https://github.com/CodeforLeipzig/allris-scraper/actions, https://github.com/CodeforLeipzig/stadtratmonitor","OK Lab Leipzig, Code for Germany",Abgeschlossen,https://stadtratmonitor.leipzig.codefor.de/,502.0,https://stadtratmonitor.leipzig.codefor.de/,,True
https://codefor.de/projekte/stolpersteine-app/,Stolpersteine App,"https://itunes.apple.com/de/app/stolpersteine-in-berlin/id640731757?mt=8, https://play.google.com/store/apps/details?id=com.option_u.stolpersteine, https://github.com/optionu/stolpersteine-ios","OK Lab Berlin, Code for Germany",Laufend,https://itunes.apple.com/de/app/stolpersteine-in-berlin/id640731757?mt=8,404.0,https://apps.apple.com/de/app/stolpersteine-in-berlin/id640731757,,True
https://codefor.de/projekte/stolpersteine-app/,Stolpersteine App,"https://itunes.apple.com/de/app/stolpersteine-in-berlin/id640731757?mt=8, https://play.google.com/store/apps/details?id=com.option_u.stolpersteine, https://github.com/optionu/stolpersteine-ios","OK Lab Berlin, Code for Germany",Laufend,https://play.google.com/store/apps/details?id=com.option_u.stolpersteine,404.0,https://play.google.com/store/apps/details?id=com.option_u.stolpersteine,,True
https://codefor.de/projekte/hn-stolpersteine/,Stolpersteine in Heilbronn,"http://stolpersteine-heilbronn.de, https://github.com/opendata-heilbronn/stolpersteine, http://himsel.me/07-06-2017-Stolpersteine-in-Heilbronn-&-Kitzingen.html","Code for Heilbronn, Code for Germany",Abgeschlossen,http://himsel.me/07-06-2017-Stolpersteine-in-Heilbronn-&-Kitzingen.html,404.0,https://himsel.me/07-06-2017-Stolpersteine-in-Heilbronn-&-Kitzingen.html,,True
https://codefor.de/projekte/wpt-talso/,"Tal, so?",http://www.tal.so/,"OK Lab Wuppertal, Code for Germany",Abgeschlossen,http://www.tal.so/,,,Connection error,True
https://codefor.de/projekte/wpt-talomat/,Talomat,"http://www.talomat.de/, https://github.com/Opendatal/Talomat","OK Lab Wuppertal, Code for Germany",Laufend,http://www.talomat.de/,,,Connection error,True
https://codefor.de/projekte/wpt-talradparken/,Talradparken,"http://talradparken.de, https://github.com/Opendatal/kartenkarte.org","OK Lab Wuppertal, Code for Germany",Abgeschlossen,http://talradparken.de,,,Connection error,True
https://codefor.de/projekte/ffm-toiletsforthedisabled/,Toilets for the Disabled,"http://tftd.herokuapp.com, https://github.com/codeforffm/toilets_for_the_disabled","OK Lab Frankfurt, Code for Germany",Laufend,http://tftd.herokuapp.com,404.0,http://tftd.herokuapp.com/,,True
https://codefor.de/projekte/cologne-verkehr/,Verkehrsmeldungen Köln,"http://baustellen-koeln.meteor.com, https://github.com/pajoma/BauMel","OK Lab Köln, Code for Germany",Laufend,http://baustellen-koeln.meteor.com,,,Connection error,True
https://codefor.de/projekte/jena-virtuellesjena/,Virtuelles Jena,"http://www.offenes-jena.com, https://github.com/OffenesJena/OSMImports, http://www.mapillary.com, http://www.graphhopper.com","OK Lab Jena, Code for Germany",Laufend,http://www.offenes-jena.com,,,Connection error,True
https://codefor.de/projekte/bn-stolpersteine/,Visualisierung der Bonner Stolpersteine,"https://github.com/penpendede/stolperstein-bonn, https://stolpersteine.codeforbonn.de/","OK Lab Bonn-Rhein-Sieg, Code for Germany",Abgeschlossen,https://stolpersteine.codeforbonn.de/,,,"HTTPSConnectionPool(host='stolpersteine.codeforbonn.de', port=443): Max retries exceeded with url: / (Caused by SSLError(SSLError(1, '[SSL: TLSV1_ALERT_INTERNAL_ERROR] tlsv1 alert internal error (_ssl.c:1007)')))",True
https://codefor.de/projekte/be-drl-volunteer-planner/,Volunteer-Planner,"https://volunteer-planner.org, https://github.com/coders4help/volunteer_planner/","OK Lab Berlin, Code for Germany",Laufend,https://volunteer-planner.org,,,Timeout,True
https://codefor.de/projekte/wahlprogrammat/,Wahlprogrammquiz,"mailto:nicolas.merz@wzb.eu, https://visuals.manifesto-project.wzb.eu/wahlprogrammquiz/","OK Lab Berlin, Code for Germany",Laufend,mailto:nicolas.merz@wzb.eu,,,"HTTPSConnectionPool(host='wzb.eu', port=443): Max retries exceeded with url: / (Caused by SSLError(SSLError(1, '[SSL: SSLV3_ALERT_HANDSHAKE_FAILURE] sslv3 alert handshake failure (_ssl.c:1007)')))",True
https://codefor.de/projekte/wahlprogrammat/,Wahlprogrammquiz,"mailto:nicolas.merz@wzb.eu, https://visuals.manifesto-project.wzb.eu/wahlprogrammquiz/","OK Lab Berlin, Code for Germany",Laufend,https://visuals.manifesto-project.wzb.eu/wahlprogrammquiz/,500.0,https://visuals.manifesto-project.wzb.eu/wahlprogrammquiz/,,True
https://codefor.de/projekte/hn-lk-wartezeiten/,Wartezeiten KFZ-Zulassungsstelle Heilbronn,"http://wartezeit.opendatalab.de/, https://github.com/opendata-heilbronn/wartezeiten-KFZ-heilbronn, http://wartezeit.tursics.de/about.html","Code for Heilbronn, Code for Germany",Abgeschlossen,http://wartezeit.opendatalab.de/,403.0,https://wartezeit.opendatalab.de/,SSL warning (unverified),True
https://codefor.de/projekte/frankfurt-was-bekomme-ich-fuer-meine-miete/,Was bekomme ich in Frankfurt für meine Miete?,https://mieten-ffm.netlify.com/,"OK Lab Frankfurt, Code for Germany",Abgeschlossen,https://mieten-ffm.netlify.com/,404.0,https://mieten-ffm.netlify.com/,,False
https://codefor.de/projekte/bundestagswahl/,was wäre wenn,"https://codeforcologne.github.io/was-wenn/, https://github.com/codeforcologne/was-wenn","OK Lab Köln, Code for Germany",Abgeschlossen,https://codeforcologne.github.io/was-wenn/,404.0,https://codeforcologne.github.io/was-wenn/,,True
https://codefor.de/projekte/bundestagswahl/,was wäre wenn,"https://codeforcologne.github.io/was-wenn/, https://github.com/codeforcologne/was-wenn","OK Lab Köln, Code for Germany",Abgeschlossen,https://github.com/codeforcologne/was-wenn,404.0,https://github.com/codeforcologne/was-wenn,,True
https://codefor.de/projekte/wepublic/,Wepublic,"https://www.wepublic.me, https://github.com/wepublic, mailto:hello@wepublic.me","OK Lab Berlin, Code for Germany",Laufend,https://www.wepublic.me,,,Connection error,True
https://codefor.de/projekte/wepublic/,Wepublic,"https://www.wepublic.me, https://github.com/wepublic, mailto:hello@wepublic.me","OK Lab Berlin, Code for Germany",Laufend,mailto:hello@wepublic.me,,,Connection error,True
https://codefor.de/projekte/hh-baualterskarte/,Wie alt sind die Hamburger Gebäude?,"http://hannes.enjoys.it/geo/odd2014/baujahr.html, http://inspire.daten-hamburg.de/DE_HH_Downloaddienst_INSPIRE_A3_2_Gebaeude/ServiceFeed.xml","OK Lab Hamburg, Code for Germany",Abgeschlossen,http://inspire.daten-hamburg.de/DE_HH_Downloaddienst_INSPIRE_A3_2_Gebaeude/ServiceFeed.xml,,,Connection error,True
https://codefor.de/projekte/wo-ist-testzentrum/,Wo ist Testzentrum?,"https://wo-ist-testzentrum.de, https://github.com/CodeforLeipzig/wo-ist-testzentrum","OK Lab Leipzig, Code for Germany",Abgeschlossen,https://wo-ist-testzentrum.de,,,Connection error,True
https://www.civic-coding.de/community/projekt/foemo-der-foerdermittel-monitor/1403,fömo - Der Fördermittel Monitor,www.fömo.de,Civic Coding,Laufend,www.fömo.de,,,Connection error,True
https://www.civic-coding.de/community/projekt/kipanda-campus/1340,KIPanda Campus,https://nocodecreators.de/kontakt.html,Civic Coding,Unbekannt,https://nocodecreators.de/kontakt.html,,,Timeout,True
https://www.civic-coding.de/community/projekt/scan-your-trash/1008,Scan Your Trash,https://www.civic-coding.de/community/mein-profil/meine-projektideen/meine-projektidee-detail/scan-your-trash/1008,Civic Coding,Laufend,https://www.civic-coding.de/community/mein-profil/meine-projektideen/meine-projektidee-detail/scan-your-trash/1008,404.0,https://www.civic-coding.de/community/mein-profil/meine-projektideen/meine-projektidee-detail/scan-your-trash/1008,,False
https://www.civic-coding.de/community/projekt/fairsync-ai/864,FairSync AI,https://wechange.de/user/630/,Civic Coding,Laufend,https://wechange.de/user/630/,,,Timeout,True
https://www.civic-coding.de/community/projekt/regionales-starter-kit-ki-gestutzte-recherche-app-fur-die-grundungsinfrastruktur-junger-unternehmen-in-laendl-regionen/493,Regionales Starter-Kit: KI-gestützte Recherche-App für die Gründungsinfrastruktur junger Unternehmen in ländl. Regionen,https://www.working-evolutions.de/kontakt,Civic Coding,Laufend,https://www.working-evolutions.de/kontakt,404.0,https://www.working-evolutions.de/%C3%BCber,,True
https://www.civic-coding.de/community/projekt/jobs-von-morgen-als-karte/159,Jobs von morgen als Karte,https://wechange.de/user/630/,Civic Coding,Laufend,https://wechange.de/user/630/,,,Timeout,True
https://www.civic-coding.de/community/projekt/explore-spann-ein-informationsnetz-uber-deine-stadt/183,eXPLORE - Spann ein Informationsnetz über Deine Stadt.,https://getrequest.de/smartcountry,Civic Coding,Laufend,https://getrequest.de/smartcountry,404.0,https://getrequest.de/smartcountry,,False
https://www.civic-coding.de/community/projekt/einsatz-von-adaptiven-assistenzsystemen-in-werkstaetten-fur-behinderte-menschen/179,Einsatz von adaptiven Assistenzsystemen in Werkstätten für behinderte Menschen,https://kindustrii.de/kontakt,Civic Coding,Unbekannt,https://kindustrii.de/kontakt,,,Connection error,True
https://www.civic-coding.de/community/projekt/mit-ki-lebensmittelverschwendung-vermeiden-und-nachhaltig-wirtschaften/216,Mit KI Lebensmittelverschwendung vermeiden und nachhaltig wirtschaften,https://www.civic-coding.de/community/projekt/mit-ki-lebensmittelverschwendung-vermeiden-und-nachhaltig-wirtschaften/216,Civic Coding,Unbekannt,https://www.civic-coding.de/community/projekt/mit-ki-lebensmittelverschwendung-vermeiden-und-nachhaltig-wirtschaften/216,,,Timeout,True
https://www.civic-innovation.de/wettbewerb/praemierte-ideen/runde-1/sozialleistungsrechner,Sozialleistungsrechner,https://www.civic-innovation.de/wettbewerb/praemierte-ideen/runde-1/sozialleistungsrechner,Civic Coding,Laufend,https://www.civic-innovation.de/wettbewerb/praemierte-ideen/runde-1/sozialleistungsrechner,,,Timeout,True
https://www.civic-innovation.de/wettbewerb/praemierte-ideen/runde-1/von-talenten-zu-machern-ki-basierter-skill-kompass-fuer-jugendliche-mit-migrationserfahrung,Von Talenten zu Machern: KI-basierter „Skill-Kompass“ für Jugendliche mit Migrationserfahrung,https://www.civic-innovation.de/wettbewerb/praemierte-ideen/runde-1/von-talenten-zu-machern-ki-basierter-skill-kompass-fuer-jugendliche-mit-migrationserfahrung,Civic Coding,Unbekannt,https://www.civic-innovation.de/wettbewerb/praemierte-ideen/runde-1/von-talenten-zu-machern-ki-basierter-skill-kompass-fuer-jugendliche-mit-migrationserfahrung,,,Timeout,True
https://www.civic-coding.de/ueber-civic-coding/projektlandkarte/projekt/digitz-digitale-gartenzwerge/81,DigitZ – Digitale Gartenzwerge,"https://www.digitz.digital/, https://github.com/SchreberjugendBV/DigitZ",Civic Coding,Unbekannt,https://www.digitz.digital/,500.0,https://www.digitz.digital/,,True
