Index;Quelle;Projektname;Art;Einsatzbereich;Webseite-Link;Organisation;Status;Kurzzusammenfassung;Projekt-Abkürzung;Lizenz;Lizenz-Organisation;data_source
0;https://correlaid.org/projekte/projektdatenbank/2022-11-ATT;Qualitätsanalyse von OpenStreetMap Daten für Trinkbrunnen;Web-App, Dashboard, Bericht, Open-Source, Datenanalyse, Datenvisualisierung, Open Data;Wasserversorgung, Gesundheit, Stadt;https://correlaid.github.io/trinkbrunnen-analyse/map-deutschland-drinking-water.html, https://correlaid.github.io/trinkbrunnen-analyse/analysis-fountains-germany.html, https://github.com/CorrelAid/trinkbrunnen-analyse;a tip: tap e.V., CorrelAid e.V.;Abgeschlossen;Wir vergleichen Trinkbrunnen-Daten aus OpenStreetMap mit offiziellen Stadtzahlen und prüfen, wie vollständig die Metadaten zu Barrierefreiheit und Zugänglichkeit erfasst sind.;;CC-BY 4.0;https://correlaid.org/;Correlaid
1;https://correlaid.org/projekte/projektdatenbank/2023-10-ISH;Mithilfe von KI Wirkungsmessung skalieren;Maschinelles Lernen, Web-App, Automatisierung, Datenanalyse;Kinder- und Jugendhilfe, Bildung, Soziale Arbeit, Chancengleichheit;;In safe hands e.V., CorrelAid e.V.;Abgeschlossen;In safe hands e.V. will Wirkungsmessung skalieren. Wir entwickeln ein KI-Tool, das Interviewantworten kategorisiert – mit menschlicher Kontrolle für Datenqualität.;;CC-BY 4.0;https://correlaid.org/;Correlaid
2;https://correlaid.org/projekte/projektdatenbank/2021-04-SOS;Wertvolle Zeit sparen und Fehler vermeiden durch die Automatisierung von Prozessen;Prozessautomatisierung, Datenanalyse, Reporting;Bildung;;Science on Stage e.V., CorrelAid e.V.;Abgeschlossen;Science on Stage kämpft mit Daten aus vielen Quellen. Wir automatisieren die Verarbeitung und machen Schluss mit fehleranfälligen manuellen Prozessen.;;CC-BY 4.0;https://correlaid.org/;Correlaid
3;https://correlaid.org/projekte/projektdatenbank/2024-09-CHW;Automatisiertes Monitoring von Zielgruppenentwicklung im Zeitverlauf;Monitoring, Automatisierung, Datenanalyse, Reporting;Kinder- und Jugendhilfe, Bildung, Soziale Arbeit;;Chancenwerk e.V., CorrelAid e.V.;Abgeschlossen;Chancenwerk befragt regelmäßig Kinder und Jugendliche, doch die Auswertung kostet viel Zeit. Wir automatisieren das Monitoring, damit mehr Raum für die eigentliche Arbeit bleibt.;;CC-BY 4.0;https://correlaid.org/;Correlaid
4;https://correlaid.org/projekte/projektdatenbank/2024-06-BAB;Automatisierte Fragebogenauswertung mit Generativer KI;Maschinelles Lernen, Automatisierung, Reporting, Datenanalyse;Kinder- und Jugendhilfe, Soziale Arbeit;https://github.com/CorrelAid/workshop-babylotse, https://github.com/CorrelAid/workshop-babylotse/blob/main/data/Umfrage%20DE%20submissions%202024-07-31%2000_25.csv, https://github.com/CorrelAid/workshop-babylotse/;Babylotse, CorrelAid e.V.;Abgeschlossen;Babylotse Frankfurt befragt Familien zu ihren Bedürfnissen. Wir werten rund 1000 offene Antworten mit KI aus und machen Muster sichtbar.;;CC-BY 4.0;https://correlaid.org/;Correlaid
5;https://correlaid.org/projekte/projektdatenbank/2024-12-SIN;Automatisiertes Qualitätsmanagement für ein Mentoringprogramm;Datenanalyse, Dashboard, Reporting;Bildung, Mentoring, Chancengleichheit, Soziale Arbeit, Jugendbeteiligung;;Sindbad, CorrelAid e.V.;Laufend;Sindbad befragt regelmäßig Mentees und Mentor*innen zur Programmqualität. Wir bauen ein Dashboard, das die Ergebnisse verständlich aufbereitet und flexibel anpassbar macht.;;CC-BY 4.0;https://correlaid.org/;Correlaid
6;https://correlaid.org/projekte/projektdatenbank/2023-12-DEM;Mit Daten zu transparenterer Demokratie;Web-App, Dashboard;Zivilgesellschaft, Partizipation;https://civic-data.de/ein-wegweiser-fuer-die-demokratie/, https://karte.demokratie-wegweiser.de;Demokratie-Wegweiser, Civic Data Lab, CorrelAid e.V.;Abgeschlossen;Demokratische Prozesse auf lokaler Ebene sind oft schwer nachvollziehbar. Wir entwickeln einen Leitfaden, der Transparenz mit Daten greifbar macht.;;CC-BY 4.0;https://correlaid.org/;Correlaid
7;https://correlaid.org/projekte/projektdatenbank/2024-04-TEN;Output Monitoring durch Entwicklung und Implementierung eines Fragebogen mithilfe von Fokusgruppen;Output Monitoring, Umfrage, Monitoring, Datenanalyse, Reporting;Umfrage, Partizipation, Soziale Arbeit, Wohlfahrt, Wirkungsmessung;https://civic-data.de/output-monitoring-ten-sing/;CVJM-Gesamtverband in Deutschland e. V., Civic Data Lab, CorrelAid e.V.;Abgeschlossen;Wir entwickeln einen Fragebogen mit Fokusgruppen, um die Bedürfnisse der Community besser zu verstehen und datenbasierte Empfehlungen zu geben.;;CC-BY 4.0;https://correlaid.org/;Correlaid
8;https://correlaid.org/projekte/projektdatenbank/2024-03-PZA;Open Data aus Bürger- und Jugendbeteiligungsprojekten;Datenportal, Open Data, Plattform, Web-App;Jugend, Partizipation, Bildung, Stadt;https://civic-data.de/kommuki-open-data/;Politik zum Anfassen e.V., Civic Data Lab, CorrelAid e.V.;Abgeschlossen;Wir machen 6500 Jugend-Ideen aus Kommunalpolitik-Planspielen durchsuchbar und zeigen, welche davon tatsächlich umgesetzt wurden.;;CC-BY 4.0;https://correlaid.org/;Correlaid
9;https://correlaid.org/projekte/projektdatenbank/2024-03-LEM;Unterstützung des Relaunchs des Leerstandsmelders;Web-App, Dashboard, Datenportal;Stadtplanung, Wohnen, Soziale Arbeit, Umweltschutz, Nachhaltigkeit;https://civic-data.de/leerstandsmelder/, https://leerstandsmelder.de;"Leerstandsmelder; Gängeviertel e.V., Civic Data Lab, CorrelAid e.V.";Abgeschlossen;Wohnungsnot sichtbar machen: Wir unterstützen den Relaunch des Leerstandsmelders, der in 41 Städten ungenutzten Wohnraum dokumentiert.;;CC-BY 4.0;https://correlaid.org/;Correlaid
10;https://correlaid.org/projekte/projektdatenbank/2024-11-LAF;Auswertung einer Umfrage zu KI im Ehrenamt;Datenanalyse, Datenvisualisierung, Reporting;Zivilgesellschaft, KI, Soziale Arbeit;https://digital-vereint.de/aktuelles/ki-anwendungen-im-ehrenamt-hype-oder-echter-nutzen/, https://github.com/CorrelAid/dv_ai_survey, https://civic-data.de/ki-ehrenamt/;Civic Data Lab, lagfa bayern, CorrelAid e.V.;Abgeschlossen;Wie nutzen bayerische Vereine KI im Ehrenamt? Wir werten eine Umfrage von digital verein(t) aus und visualisieren die Ergebnisse.;;CC-BY 4.0;https://correlaid.org/;Correlaid
11;https://correlaid.org/projekte/projektdatenbank/2025-01-SGC;Data Story mit Konstanzer Klima- und Wetterdaten;Web-App, Open-Source, Dashboard, Datenvisualisierung;Klimaschutz, Stadt, Stadtplanung, Umweltschutz, Open Data, Nachhaltigkeit;https://stadtdaten.konstanz.digital/stadtklima/ , https://github.com/sgc-kn/dashboards;Smart Green City Konstanz, CorrelAid e.V.;Abgeschlossen;Offene Klima- und Wetterdaten aus Konstanz werden zur Data Story: Bürger*innen sehen, wie sich das Stadtklima verändert und wo Anpassungsmaßnahmen wirken.;;CC-BY 4.0;https://correlaid.org/;Correlaid
12;https://correlaid.org/projekte/projektdatenbank/2025-05-SIL;Improving and upgrading the Silbernetz dashboard;Web-App, Dashboard, Open-Source, Datenvisualisierung;Senioren, Soziale Arbeit, Wohlfahrt, Integration, Gesundheit;;Silbernetz e.V., CorrelAid e.V.;Abgeschlossen;Silbernetz e.V. nutzt ein Dashboard, das die Fundraising-Arbeit revolutioniert hat. Wir modernisieren die Codebasis und optimieren den Bereitstellungsprozess.;;CC-BY 4.0;https://correlaid.org/;Correlaid
13;https://correlaid.org/projekte/projektdatenbank/2025-05-CAS;Automatisierung von Berichten aus Evaluationsdaten;Prozessautomatisierung, Reporting, Datenvisualisierung, Automatisierung, Datenanalyse, Dashboard, Interaktives Dashboard;Bildung, Kinder- und Jugendhilfe, Soziale Arbeit;;Coach@School, CorrelAid e.V.;Abgeschlossen;coach@school sammelt wertvolle Umfragedaten, aber die Auswertung kostet viel Zeit. Wir automatisieren die Berichte und machen sie visuell überzeugender.;;CC-BY 4.0;https://correlaid.org/;Correlaid
14;https://correlaid.org/projekte/projektdatenbank/2025-10-ECF;Datenbankverwaltungssystem für die Europäische Gemeinschaftsstiftungsinitiative (ECFI);Open-Source, Datenbank, Datenvisualisierung, Plattform;Open Data, Datenanalyse, Wirkungsmessung, Transparenz, International;;European Community Foundation Initiative, CorrelAid e.V.;Laufend;Die ECFI braucht einen Überblick über Europas Gemeinschaftsstiftungen. Wir bauen eine DSGVO-konforme Open-Source-Datenbank für systematische Erfassung und Visualisierung.;ECFI;CC-BY 4.0;https://correlaid.org/;Correlaid
15;https://correlaid.org/projekte/projektdatenbank/2025-05-PBE; Fortschritts-Monitor;Monitoring, Dashboard, Datenvisualisierung, Reporting;Jugendarbeit, Arbeit, Soziale Arbeit, Bildung;;Phase BE, CorrelAid e.V.;Abgeschlossen;Phase BE begleitet Jugendliche in die Berufswelt. Wir entwickeln ein Ampelsystem, das Fortschritte zentral bündelt und Unterstützungsbedarf sofort sichtbar macht.;;CC-BY 4.0;https://correlaid.org/;Correlaid
16;https://correlaid.org/projekte/projektdatenbank/2026-02-DTC;Bedarfsorientierte Wirkungsmessung für mehr sozial-emotionale Kompetenzen an Schulen;Wirkungsmessung, Reporting, Monitoring, Datenanalyse;Bildung, Gesundheit, Soziale Arbeit, Kinder- und Jugendhilfe;;Dare2Care, CorrelAid e.V.;Laufend;Wirkungsmessung für sozial-emotionale Schulprogramme: Wir entwickeln mit Dare2Care Fragebögen und Tools, die zeigen, wie Resilienztraining an Schulen wirkt.;;CC-BY 4.0;https://correlaid.org/;Correlaid
17;https://correlaid.org/projekte/projektdatenbank/2026-01-KMB;Von Daten zu Wirkung – Datenbasierte Argumente für Bildungsgerechtigkeit;Datenvisualisierung, Datenstandards, Wirkungsmessung;Bildung, Chancengleichheit, Teilhabe;;Stiftung ein Quadratkilometer Bildung, CorrelAid e.V.;Laufend;km2 Bildung sammelt jährlich Daten aus lokalen Bildungsnetzwerken, doch Auswertungen scheitern an fehlenden Standards. Wir schaffen Strukturen für datenbasierte Argumente.;km2 Bildung;CC-BY 4.0;https://correlaid.org/;Correlaid
18;https://correlaid.org/projekte/projektdatenbank/2026-03-CHW;(Teil)-Automatisierung von Datenprozessen im Kontext Wirkungsmessung;Prozessautomatisierung, Datenmanagement, Reporting, Automatisierung;Wirkungsmessung, Bildung, Soziale Arbeit;;Chancenwerk e.V., CorrelAid e.V.;Laufend;Wirkungsmessung bei Chancenwerk braucht weniger Handarbeit. Wir automatisieren Datenexport, Bereinigung und Auswertung mit maßgeschneiderten Tools.;;CC-BY 4.0;https://correlaid.org/;Correlaid
19;https://correlaid.org/projekte/projektdatenbank/2026-04-KSJ;Prozessoptimierung und Datenprodukte für besseres Wirkungsmanagement;Prozessoptimierung, Dashboard, Datenmanagement, Datenvisualisierung, Wirkungsmessung, Reporting;Soziale Arbeit, Sprache, Integration;;Kindersprachbrücke Jena e.V., CorrelAid e.V.;Laufend;Die Kindersprachbrücke Jena will Wirkung in der Jugendhilfe besser messen. Wir vereinheitlichen Datenquellen und bauen ein Dashboard für schnelle Auswertungen.;;CC-BY 4.0;https://correlaid.org/;Correlaid
20;https://correlaid.org/projekte/projektdatenbank/2026-03-KMS;“Es war einmal… Wirkung” - Data Storytelling zum Engagement für bessere KI Bildung;Datenvisualisierung, Datenmanagement, Dashboard, Reporting, Datenanalyse;Bildung, Wirkungsmessung, KI, Partizipation;;KI macht Schule, CorrelAid e.V.;Laufend;Über 100 Ehrenamtliche bringen KI-Bildung an Schulen. Wir machen ihre Wirkung mit Data Storytelling sichtbar – für Förderpartner und die Öffentlichkeit.;;CC-BY 4.0;https://correlaid.org/;Correlaid
21;https://correlaid.org/projekte/projektdatenbank/2026-03-AEF;Wirkungsmessung & Datenintegration für mehr Bildungsgerechtigkeit;Datenvisualisierung, Dashboard, Wissensmanagement, Datenanalyse, Reporting, Wirkungsmessung, Datenmanagement;Kinder- und Jugendhilfe, Soziale Arbeit, Chancengleichheit, Wohlfahrt;;Aelius Förderwerk e.V., CorrelAid e.V.;Laufend;Wirkungsmessung für Bildungsgerechtigkeit: Wir integrieren Datenquellen des Aelius Förderwerks und bauen ein Dashboard, das Steuerung und Kommunikation verbessert.;;CC-BY 4.0;https://correlaid.org/;Correlaid
22;https://correlaid.org/projekte/projektdatenbank/2019-01-MAP;Lebensmittelverschwendung reduzieren und Planung verbessern: Zeitreihenanalyse für ein Restaurant für bedürftige Menschen;Zeitreihenanalyse, Bericht, Workshops, Datenanalyse, Statistik, Reporting;Ernährungssicherung, Armut, Soziale Arbeit, Wohlfahrt, Umweltschutz, Nachhaltigkeit;https://osf.io/3zsn6/;Mannheimer Platte, CorrelAid e.V.;Abgeschlossen;Die Mannheimer Platte serviert bezahlbare Mahlzeiten für Bedürftige. Wir analysieren 17 Jahre Verkaufsdaten, um Nachfragemuster zu erkennen und Lebensmittelverschwendung zu reduzieren.;;CC-BY 4.0;https://correlaid.org/;Correlaid
23;https://correlaid.org/projekte/projektdatenbank/2025-06-UFZ;Monitoring der Verfügbarkeit und Kapazität des Beratungsangebots U25;Monitoring;Beratung, Gesundheit;;U25, CorrelAid e.V.;Laufend;U25 berät suizidgefährdete junge Menschen, doch die Kapazität schwankt. Wir werten Ampeldaten aus und machen Engpässe sichtbar.;U25;CC-BY 4.0;https://correlaid.org/;Correlaid
24;https://correlaid.org/projekte/projektdatenbank/2020-10-OKP;Python Paket für Open Data der Stadt Konstanz;Open-Source, Datenportal, Datenanwendung für Öffentlichkeit;Open Data, Stadt, Verwaltung, Datenanalyse;https://github.com/MisterXY89/konstanz-open-data-api/, https://pypi.org/project/opencity/;Offene Daten Konstanz, CorrelAid e.V.;Abgeschlossen;Die Stadt Konstanz veröffentlicht Open Data, wir machen sie durch die Entwicklung eines Python Pakets einfach nutzbar für Data Scientists.;;CC-BY 4.0;https://correlaid.org/;Correlaid
25;https://correlaid.org/projekte/projektdatenbank/2026-05-MIC;Von Umfragedaten zu Grafiken: App zur Optimierung von Datenvisualisierungsworkflows;Web-App, Datenvisualisierung, Prozessautomatisierung, Dashboard, Automatisierung;Datenanalyse, Umfrage, Partizipation;;More in Common e.V., CorrelAid e.V.;Laufend;Import/Export, manuelle Datenaufbereitung in Excel und zeitaufwändige Fehlerprüfung: So sah der Datenvisualisierungsprozess bei More in Common bis jetzt aus. Wir entwickeln eine Shiny-App, um diese Arbeitsabläufe zu optimieren und teilweise zu automatisieren.;;CC-BY 4.0;https://correlaid.org/;Correlaid
26;https://correlaid.org/projekte/projektdatenbank/2026-06-HER;Analyse der Wirkung von außerschulischem Erfahrungslernen auf Lehrkräfte;Datenanalyse, Bericht, Datenvisualisierung, Reporting, Wirkungsmessung, Statistik;['survey'];;HERAUSFORDERUNG einfach machen, CorrelAid e.V.;Laufend;„HERAUSFORDERUNG einfach machen“ fehlen Zeit und Kompetenzen, um aus quantitativen Wirkungsdaten fundierte Erkenntnisse zu ziehen. Wir analysieren die Daten und dokumentieren die Ergebnisse in einem Report.;;CC-BY 4.0;https://correlaid.org/;Correlaid
27;https://correlaid.org/projekte/projektdatenbank/2026-06-LLH;Datenbasierte Steuerung eines Kursangebots für Menschen mit Krebs ermöglichen;Datenvisualisierung, Dashboard, Datenanalyse, Reporting, Datenmanagement;Gesundheit, Soziale Arbeit, Wohlfahrt;;lebensmut Landshut e.V., CorrelAid e.V.;Laufend;lebensmut Landshut will qualitativ hochwertige und bedarfsorientierte Kurse für Menschen mit Krebs anbieten. Wir ermöglichen eine datenbasierte Steuerung des spendenfinanzierten Kursangebots.;;CC-BY 4.0;https://correlaid.org/;Correlaid
28;https://correlaid.org/projekte/projektdatenbank/2015-08-PBN;Analyse einer Mitgliederbefragung des Pfadfinderbunds Nord;Explorative Analyse, Datenanalyse, Bericht, Blog, Umfrage, Statistik, Reporting;Kinder- und Jugendhilfe, Jugendarbeit, Bildung, Soziale Arbeit, Partizipation, Integration;;Pfadfinder*innenbund Nord, CorrelAid e.V.;Abgeschlossen;Der Pfadfinderbund Nord befragt regelmäßig seine 1000 Mitglieder. Wir werten die Umfragedaten aus und machen Erkenntnisse für die 15 Stämme nutzbar.;;CC-BY 4.0;https://correlaid.org/;Correlaid
29;https://correlaid.org/projekte/projektdatenbank/2026-03-KKN;Datenvisualisierungen für die Konstanzer Schüler*innen-Umfrage;Datenvisualisierung, Reporting, Datenauswertung, Datenanalyse;Bildung, Partizipation, Stadt;https://karla-magazin.de/politik/was-konstanzer-schuelerinnen-wirklich-ueber-ihre-schule-denken, https://karla-magazin.de/meinung/wie-wir-die-demokratie-auf-dem-schulklo-retten, https://karla-magazin.de/politik/wir-muessen-schulen-klueger-planen, https://www.instagram.com/p/DYkCE4DiETd/?utm_source=ig_web_copy_link&igsh=MzRlODBiNWFlZA==;karla Magazin, CorrelAid e.V.;Abgeschlossen;Für die Umfrage von karla unter Konstanzer Schüler*innen werten wir die Daten aus und übersetzen sie in Visualisierungen für die Artikel-Serie.;;CC-BY 4.0;https://correlaid.org/;Correlaid
30;https://correlaid.org/projekte/projektdatenbank/2018-11-TVK;Mitgliederbefragung des Turnvereins Käfertal;Umfrage, Bericht, Datenvisualisierung, Datenanalyse, Statistik;Partizipation, Soziale Arbeit, Jugendarbeit, Wirkungsmessung, Kultur;;Turnverein 1880 Käfertal, CorrelAid e.V.;Abgeschlossen;Der TV Käfertal will wissen, was seine Mitglieder bewegt. Wir werten eine Befragung aus und zeigen, wo Kommunikation und Strukturen besser werden können.;;CC-BY 4.0;https://correlaid.org/;Correlaid
31;https://correlaid.org/projekte/projektdatenbank/2019-02-MIN;tf-idf zu Babel: Text Mining zur Optimierung von automatisierten Prozessen in multilingualen Kontexten;Prozessautomatisierung, Datenanalyse, Datenvisualisierung;Integration, Arbeit, Migration, Soziale Arbeit;;Minor Kontor, CorrelAid e.V.;Abgeschlossen;Minor EU erreicht Migranten über Facebook-Gruppen. Wir bauen ein Tool, das relevante Beiträge automatisch filtert und die manuelle Sortierung erspart.;;CC-BY 4.0;https://correlaid.org/;Correlaid
32;https://correlaid.org/projekte/projektdatenbank/2019-06-WEL;Automatisierte Reportgenerierung zur Verbesserung der Arbeit der Weltläden;Prozessautomatisierung, Reporting, Datenanalyse, Datenvisualisierung;Datenanalyse, Nachhaltigkeit, Wohlfahrt;;Weltladen Dachverband, CorrelAid e.V.;Abgeschlossen;Der Weltladen Dachverband befragt jährlich seine Mitglieder. Wir automatisieren die Erstellung von über 300 individualisierten Reports mit R und LaTeX.;;CC-BY 4.0;https://correlaid.org/;Correlaid
33;https://correlaid.org/projekte/projektdatenbank/2019-10-BEE;Mithilfe von Machine Learning Anomalien in Bienenstöcken erkennen;Maschinelles Lernen;Umwelt, Landwirtschaft, Nachhaltigkeit, Klimaschutz;https://www.youtube.com/watch?v=POqqK7Qj4cU, https://www.youtube.com/watch?v=eGZ98pMt4YI;Bee Observer BOB, CorrelAid e.V.;Abgeschlossen;Maschinelles Lernen auf Sensordaten aus Bienenstöcken erkennt Anomalien und alarmiert Imker*innen rechtzeitig bei Notfällen.;;CC-BY 4.0;https://correlaid.org/;Correlaid
34;https://correlaid.org/projekte/projektdatenbank/2019-11-WBD;Dashboard für das Tracking von Websitezugriffszahlen;Dashboard, Reporting, Web-App, Datenvisualisierung;Datenanalyse, Technologie, Wirkungsmessung;;CorrelAid e.V.;Abgeschlossen;Wir bauen ein internes Dashboard, das Website-Zugriffszahlen zentral bündelt und die Analyse wichtiger Metriken auf einen Blick ermöglicht.;;CC-BY 4.0;https://correlaid.org/;Correlaid
35;https://correlaid.org/projekte/projektdatenbank/2019-11-ODA;Weiterbildungen im nachhaltigen Sektor fördern;Web-App, Dashboard, Datenportal;Umwelt, Klima, Bildung;https://www.umweltprofis.ch/assessment;OdA Umwelt, CorrelAid e.V.;Abgeschlossen;Wer sich im Nachhaltigkeitsbereich weiterbilden will, verliert schnell den Überblick. Wir bauen eine durchsuchbare Datenbank mit Bewertungsfunktion für Qualifikationsangebote.;;CC-BY 4.0;https://correlaid.org/;Correlaid
36;https://correlaid.org/projekte/projektdatenbank/2020-01-KOM;Komunat - die Wirkung von Wahlentscheidungshilfen bei Kommunalwahlen;Bericht, Web-App, Datenanalyse;Wahlen, Demokratie, Politische Bildung, Partizipation, Stadt;https://youtu.be/JJoEJGc1eNc?t=2745;VOTO, CorrelAid e.V.;Abgeschlossen;Wir analysieren Nutzungsdaten des KOMUNAT, einer Wahlentscheidungshilfe für Kommunalwahlen, und zeigen, wie solche Tools Wahlverhalten beeinflussen können.;KOMUNAT;CC-BY 4.0;https://correlaid.org/;Correlaid
37;https://correlaid.org/projekte/projektdatenbank/2020-03-DEN;Wer ist interessiert an einem guten Leben im ländlichen Raum?;Umfrage, Bericht, Datenanalyse, Datenerhebung;Senioren, Ländlicher Raum, Gesundheit, Soziale Arbeit, Partizipation, Wohlfahrt;https://www.berliner-zeitung.de/mensch-metropole/ein-herrenhaus-in-der-warteschleife-li.102754;Denk-mal-Kultur e.V., CorrelAid e.V.;Abgeschlossen;Wie gelingt selbstbestimmtes Altwerden auf dem Land? Wir befragen Bevölkerung und lokale Akteur*innen und liefern Erkenntnisse für Fundraising und Partnersuche.;;CC-BY 4.0;https://correlaid.org/;Correlaid
38;https://correlaid.org/projekte/projektdatenbank/2020-03-ERL;Interaktives Dashboard zur besseren Darstellung von Verschuldungsdaten;Web-App, Dashboard;International, Transparenz, Open Data, Datenanalyse;https://github.com/CorrelAid/erlassjahr, https://erlassjahr.de/informieren/karte-ueberschuldete-staaten-weltweit/;Erlassjahr e.V., CorrelAid e.V.;Abgeschlossen;Erlassjahr.de setzt sich für faire Entschuldung ein. Wir bauen eine interaktive Weltkarte mit R und Shiny, die Verschuldungsdaten zugänglich macht.;;CC-BY 4.0;https://correlaid.org/;Correlaid
39;https://correlaid.org/projekte/projektdatenbank/2020-05-EYP;Anschauliche Aufbereitung von Umfragen zur Teilnehmerstruktur und dem Impact von Veranstaltungen;Datenanalyse, Datenvisualisierung, Bericht, Reporting, Umfrage, R-Paket;Demokratie, Bildung, Jugend, Partizipation, Politische Bildung, Europa;;European Youth Parliament, CorrelAid e.V.;Abgeschlossen;Das Europäische Jugendparlament will wissen, wie seine Events wirken. Wir analysieren Umfragedaten und visualisieren Teilnehmerprofile und Wirkungsindikatoren.;EYP;CC-BY 4.0;https://correlaid.org/;Correlaid
40;https://correlaid.org/projekte/projektdatenbank/2020-10-CIT;Netzwerkdynamiken in Citizen Science - Nutzer*innenverhalten auf der iNaturalist Plattform;Open-Source, Web-App, Datenvisualisierung, Datenanalyse;Umwelt, Bildung, Open Data, Nachhaltigkeit;https://github.com/correlaid-paris/citizen_science_inaturalist, https://youtu.be/JJoEJGc1eNc?t=3032, https://inaturalist-cnc.correlaid.org/, https://arxiv.org/abs/2112.02693, https://github.com/correlaid-paris/open_inaturalist_code;CorrelAid e.V.;Abgeschlossen;Wer nutzt iNaturalist und wie? Wir analysieren offene Daten der Citizen-Science-Plattform und zeigen, wie sich Nutzertypen und Interaktionsmuster über die Zeit entwickeln.;;CC-BY 4.0;https://correlaid.org/;Correlaid
41;https://correlaid.org/projekte/projektdatenbank/2020-11-MAR;Datenvisualisierungen für mehr Aufmerksamkeit für illegale Pushbacks;Bericht, Datenvisualisierung, Data4Good, Open-Source;Flucht und Migration, Menschenrechte, Geflüchtete, Datenanalyse, Open Data;https://cms.correlaid.org/assets/0620a79e-e97d-45d8-aa16-a7b5867f40c3, https://youtu.be/JJoEJGc1eNc?t=222, https://cms.correlaid.org/assets/f804a3f2-e40c-4c04-9867-923c33865910;Mare Liberum, CorrelAid e.V.;Abgeschlossen;Mare Liberum dokumentiert illegale Pushbacks im Mittelmeer. Wir bereinigen ihre Datenbank und erstellen Visualisierungen, die das Thema sichtbarer machen.;Data4Good;CC-BY 4.0;https://correlaid.org/;Correlaid
42;https://correlaid.org/projekte/projektdatenbank/2021-02-CFE;Diversität erforschen - Visualisierung der Afrozensus Umfrage in R;Open-Source, R-Paket, Datenvisualisierung, Bericht, Automatisierung, Datenanalyse, Reporting;Antidiskriminierung, Datenanalyse, Integration, Menschenrechte, International;https://afrozensus.de;Citizens for Europe, CorrelAid e.V.;Abgeschlossen;Der Afrozensus ist die größte Umfrage unter Menschen afrikanischer Abstammung in Deutschland. Wir entwickeln ein R-Paket, das Visualisierungen automatisiert und Datenexploration vereinfacht.;;CC-BY 4.0;https://correlaid.org/;Correlaid
43;https://correlaid.org/projekte/projektdatenbank/2021-03-HAC;Erstellung eines interaktiven Survey-Reports für die Hacklab Foundation, Ghana;Bericht, Datenvisualisierung, Interaktive Datenexploration, Datenanalyse, Web-App;Ghana, Technologie, Bildung, International, Chancengleichheit;https://github.com/CorrelAid/hacklab-foundation, https://correlaid.github.io/hacklab-foundation/Developer-Census-2020-Report.html, https://github.com/Hacklab-Foundation/Developer-Census-2020, https://youtu.be/JJoEJGc1eNc?t=421;Hacklab Foundation, CorrelAid e.V.;Abgeschlossen;Die Hacklab Foundation in Ghana will ihre Developer Community besser verstehen. Wir analysieren Survey-Daten und machen sie in einem interaktiven Report für alle zugänglich.;;CC-BY 4.0;https://correlaid.org/;Correlaid
44;https://correlaid.org/projekte/projektdatenbank/2021-03-NAK;Ein Dashboard zur Steigerung der Motivation von ehrenamtlichen Tutor*innen;Dashboard, Web-App, Open-Source, Datenvisualisierung;Bildung, Chancengleichheit, Soziale Arbeit;https://github.com/CorrelAid/naklar.io;CorrelAid e.V.;Abgeschlossen;Eine Nachhilfeplattform braucht motivierte Ehrenamtliche. Wir bauen ein Dashboard, das Tutor*innen ihre Wirkung zeigt – von Schülerfeedback bis Lernfortschritt.;;CC-BY 4.0;https://correlaid.org/;Correlaid
45;https://correlaid.org/projekte/projektdatenbank/2021-04-KOB;R Wrapper für die KoboToolbox API;R-Paket, Open-Source;Humanitäre Hilfe, Datenanalyse, Datenmanagement;https://github.com/CorrelAid/kbtbr, https://correlaid.github.io/kbtbr/;CorrelAid e.V.;Abgeschlossen;Wir entwickeln ein R-Package, das den programmatischen Zugriff auf die KoboToolbox API ermöglicht und so Daten-Workflows für Feldforschung automatisiert.;;CC-BY 4.0;https://correlaid.org/;Correlaid
46;https://correlaid.org/projekte/projektdatenbank/2021-07-SIL;Zeitersparnisse und verbesserte Wirkungskommunikation dank Automatisierung und Datenvisualisierungen;Datenvisualisierung, Web-App, Prozessautomatisierung, Dashboard, Open-Source;Senioren, Soziale Arbeit, Wohlfahrt;;Silbernetz e.V., CorrelAid e.V.;Abgeschlossen;Silbernetz e.V. wertet Anrufdaten jetzt automatisch aus. Ein Shiny-Dashboard macht die Wirkung der Telefonseelsorge sichtbar und spart dem Team wertvolle Zeit.;;CC-BY 4.0;https://correlaid.org/;Correlaid
47;https://correlaid.org/projekte/projektdatenbank/2021-10-CAR;Alleinerziehend und arbeitslos: Analyse von Daten der Allgemeinen Sozialberatung der Caritas;Explorative Analyse, Datenanalyse;Armut, Soziale Arbeit, Geschlechtergerechtigkeit, Frauen, Chancengleichheit, Kinder- und Jugendhilfe;https://www.caritas.de/neue-caritas/heftarchiv/jahrgang2022/artikel/alleinerziehend-und-arbeitslos, https://github.com/CorrelAid/caritas-project;Deutscher Caritasverband e.V., Referat Soziale Lebenslagen und Solidarität, CorrelAid e.V.;Abgeschlossen;Wir analysieren Befragungsdaten der Caritas-Sozialberatung und zeigen: Alleinerziehende Mütter tragen ein besonders hohes Risiko für Langzeitarbeitslosigkeit.;;CC-BY 4.0;https://correlaid.org/;Correlaid
48;https://correlaid.org/projekte/projektdatenbank/2022-04-GEP;Python-Package für die GENESIS Datenbank;Open-Source, Datenanalyse, Datenvisualisierung, Datenmanagement;Datenanalyse, Open Data, Verwaltung;https://github.com/CorrelAid/pystatis;CorrelAid e.V.;Abgeschlossen;Wir entwickeln eine Python-Bibliothek, die den Zugriff auf GENESIS-Datenbanken der statistischen Ämter vereinheitlicht und für Analyse und Visualisierung optimiert.;;CC-BY 4.0;https://correlaid.org/;Correlaid
49;https://correlaid.org/projekte/projektdatenbank/2022-04-GER;R Wrapper for the Genesis API;Open-Source, R-Paket, Datenbank, API, Datenanalyse, Datenvisualisierung, Dokumentationstool;Open Data, Datenanalyse, Verwaltung, Technologie;https://github.com/CorrelAid/restatis, https://cran.r-project.org/web/packages/restatis/index.html, https://correlaid.github.io/restatis/;CorrelAid e.V.;Abgeschlossen;Das R-Paket restatis macht Daten des Statistischen Bundesamtes leichter zugänglich und bringt GENESIS sowie die Zensus-Datenbank in ein einheitliches Interface.;restatis;CC-BY 4.0;https://correlaid.org/;Correlaid
50;https://correlaid.org/projekte/projektdatenbank/2022-04-LAU;Entwicklung eines interaktiven Fragebogens zur Verbesserung von Kinderschutzmaßnahmen im Sport;Web-App, Dashboard;Sport, Gewalt, Kinder- und Jugendhilfe;https://laureus.shinyapps.io/Safeinsport-selfaudit/, https://www.laureus.de/international-safeguards-for-children-in-sport-laureus-sport-for-good-setzt-sich-aktiv-dafuer-ein-dass-der-sport-ein-sicherer-ort-fuer-jedes-kind-wird/;Laureus Sport For Good Germany, CorrelAid e.V.;Abgeschlossen;Laureus Sport for Good nutzt einen Kinderschutz-Fragebogen, den wir als mehrsprachige Web-App umsetzen – mit visueller Auswertung und passenden Empfehlungen.;;CC-BY 4.0;https://correlaid.org/;Correlaid
51;https://correlaid.org/projekte/projektdatenbank/2022-07-COP;Wo sollen neue Fahrradparkplätze in Paris entstehen? Unterstützung der Entscheidungsfindung mit offenen Daten;Web-App, Dashboard, Kartenanwendung, Interaktive Karte, Datenvisualisierung;Stadtplanung, Mobilität, Open Data, Nachhaltigkeit, Verkehr;https://github.com/CorrelAid/paris-bikes/, https://paris-bikes-wfiz3bgwsa-ew.a.run.app/;City of Paris , CorrelAid e.V.;Abgeschlossen;Wo braucht Paris neue Fahrradparkplätze? Wir kombinieren offene Daten zu Angebot und Nachfrage in einer interaktiven Karte, die der Stadtverwaltung bei der Standortwahl hilft.;;CC-BY 4.0;https://correlaid.org/;Correlaid
52;https://correlaid.org/projekte/projektdatenbank/2022-07-MIP;Aufbau eines Systems zur Bewertung der Bodenqualität durch maschinelles Lernen und Computer Vision;Maschinelles Lernen, Computer Vision, Datenanalyse, Datenvisualisierung;Ernährungssicherung, Landwirtschaft, Umweltschutz, Nachhaltigkeit, Klima;;CorrelAid e.V.;Unbekannt;Maschinelles Lernen und Computer Vision ermöglichen neue Wege zur Bodenanalyse. Wir entwickeln ein System, das Bodenqualität automatisiert bewertet.;;CC-BY 4.0;https://correlaid.org/;Correlaid
53;https://correlaid.org/projekte/projektdatenbank/2022-10-ETL;ETL Pipeline von Limesurvey zu einer Datenbank;Prozessautomatisierung, Datenmanagement, Datenbank;Umfrage, Datenanalyse;;CorrelAid e.V.;Abgeschlossen;Umfragedaten aus Limesurvey landen oft in unübersichtlichen Exporten. Wir bauen eine automatisierte Pipeline, die sie direkt in eine Datenbank überführt.;;CC-BY 4.0;https://correlaid.org/;Correlaid
54;https://correlaid.org/projekte/projektdatenbank/2022-10-LCR;Datenfluss von R zu Metabase zu Google Docs: ein live-verbundener Berichtsworkflow;Prozessautomatisierung, Reporting, Open-Source, Datenvisualisierung, Web-App;Technologie, Datenanalyse;https://github.com/CorrelAid/metabase-to-google, https://github.com/CorrelAid/DataToMetabase, https://cms.correlaid.org/assets/1c8e7346-2bc2-4ef8-ba25-dbfd863b2666;CorrelAid e.V.;Abgeschlossen;Wir entwickeln Software-Tools, die einen automatisierten Datenfluss von R über Metabase bis in Google Docs ermöglichen – für Berichte, die sich selbst aktualisieren.;;CC-BY 4.0;https://correlaid.org/;Correlaid
