Quelle,Projektname,Webseite-Link,Organisation,Status,Kurzzusammenfassung,Projekt-Abkürzung,Lizenz,Lizenz-Organisation
https://huggingface.co/datasets/hiig-ai-lab/publicinterest-ai-projects/blob/main/Public%20Interest%20AI%20Projects%202024.xlsx,VFRAME,https://vframe.io/,Adam Harvey and VFRAME.io,Unbekannt,"Menschenrechtsforscher verlassen sich oft auf online geteilte Videos, um Kriegsverbrechen, Gräueltaten und Menschenrechtsverletzungen zu dokumentieren. Vframe nutzt Computer Vision, um diesen Prozess zu automatisieren, da es zu viel Material gibt, um es manuell zu sichten. VFRAME hat mit Mnemonic.org zusammengearbeitet, einer in Berlin ansässigen Organisation, die sich der Dokumentation von Kriegsverbrechen und Menschenrechtsverletzungen widmet, um Computer-Vision-Tools zur Bewältigung dieser Herausforderungen zu entwickeln. VFRAME wurde vom Prototypefund gefördert.",VFRAME,CC-BY 4.0,https://publicinterest.ai/
https://huggingface.co/datasets/hiig-ai-lab/publicinterest-ai-projects/blob/main/Public%20Interest%20AI%20Projects%202024.xlsx,defalsif-AI,https://www.ait.ac.at/themen/surveillance-protection/projects/defalsif-ai,AIT Austrian Institute of Technology,Abgeschlossen,"Das Forschungsprojekt defalsif-AI entwickelt medienforensische Werkzeuge, die es Nutzern ermöglichen, eine erste Einschätzung der Glaubwürdigkeit von Text-, Bild-, Video- oder Audiomaterial im Internet vorzunehmen. Dabei wird künstliche Intelligenz eingesetzt. Das Projekt konzentriert sich insbesondere auf politisch motivierte Desinformation. Ziel ist es, ein valides Werkzeug zur Analyse digitaler Inhalte im Internet aufzuzeigen, das eine erste Bewertung der Glaubwürdigkeit und/oder Authentizität von Texten, Bildern, Videos oder Audio ermöglicht. Dies schafft die Grundlage für weitere Handlungsempfehlungen.",defalsif-AI,CC-BY 4.0,https://publicinterest.ai/
https://huggingface.co/datasets/hiig-ai-lab/publicinterest-ai-projects/blob/main/Public%20Interest%20AI%20Projects%202024.xlsx,I4C,https://www.meteo.uni-freiburg.de/de/forschung/I4C/i4c-intelligence-for-cities,"Albert-Ludwigs-Universität Freiburg, Fraunhofer-Gesellschaft zur Förderung der angewandten Forschung e. V.",Unbekannt,"Ziel von I4C ist es, die Anpassung von Städten an den Klimawandel durch eine Prozesskette von der Datenerhebung über die Analyse und Umweltprognose bis hin zu konkreten Maßnahmen zu verbessern. Der Lehrstuhl für Umweltmeteorologie ist mit zwei Teilprojekten an dem Vorhaben beteiligt. Diese sollen das Downscaling von thermischem Komfort und Stress auf lokaler, gebäudeaufgelöster Skala mittels KI sowie die Vorhersage von Sturmauswirkungen und Sturmschäden mittels Large Eddy Simulations (LES) und KI ermöglichen.",I4C,CC-BY 4.0,https://publicinterest.ai/
https://huggingface.co/datasets/hiig-ai-lab/publicinterest-ai-projects/blob/main/Public%20Interest%20AI%20Projects%202024.xlsx,Claimspotting,https://publicinterest.ai/tool/claimspotting?lang=de,Alexander von Humboldt Insitut für Internet und Gesellschaft,Abgeschlossen,"Dieser KI-Prototyp erkennt Beiträge, die Merkmale aufweisen, die in der Forschung häufig mit Fehlinformationen in Verbindung gebracht werden. Er kennzeichnet und kategorisiert die Inhalte nach bestimmten Kriterien. Eine Übersicht der Kategorien, der Telegram-Kanal sowie Informationen zur Nutzung von Claimspotting finden sich auf der „Über uns“-Seite.",Claimspotting,CC-BY 4.0,https://publicinterest.ai/
https://huggingface.co/datasets/hiig-ai-lab/publicinterest-ai-projects/blob/main/Public%20Interest%20AI%20Projects%202024.xlsx,Simba: AI-Powered Text Simplification,https://publicinterest.ai/tool/simba?lang=en,Alexander von Humboldt Insitut für Internet und Gesellschaft,Abgeschlossen,"Simba reduziert die Komplexität deutscher Online-Texte unter Beibehaltung der Kernbotschaft. Unsere beiden Tools ersetzen lange Wörter durch kürzere Synonyme, kürzen Sätze und fügen Informationen zur Klärung des Kontextes hinzu. Dies wird durch unsere Web-App (Text-Vereinfacher) und Browser-Erweiterung erreicht, die ein KI-Modell nutzen.",Simba,CC-BY 4.0,https://publicinterest.ai/
https://huggingface.co/datasets/hiig-ai-lab/publicinterest-ai-projects/blob/main/Public%20Interest%20AI%20Projects%202024.xlsx,AI2 Climate Modeling,https://allenai.org/climate-modeling,Allen Institute for Artificial Intelligence,Unbekannt,"Es wird Open-Source-Software entwickelt, damit die breitere Klimamodellierungsgemeinschaft diese Fortschritte leicht übernehmen kann. Die Partnerschaft mit dem GFDL stellt sicher, dass die Arbeit auf dessen wertvoller Erfahrung aufbaut und schnellstmögliche Wirkung erzielt. Diese Zusammenarbeit bringt die Innovation des Teams mit der Klimamodellierungserfahrung und den Rechenressourcen des GFDL zusammen, um schnellere Effekte zu erzielen, die als Vorbild für andere Klimamodellierungszentren dienen können.",,CC-BY 4.0,https://publicinterest.ai/
https://huggingface.co/datasets/hiig-ai-lab/publicinterest-ai-projects/blob/main/Public%20Interest%20AI%20Projects%202024.xlsx,Wildlands,https://allenai.org/wildlands,Allen Institute for Artificial Intelligence,Unbekannt,"Bereitstellung von KI-gestützten Tools, die die Gesundheit und Widerstandsfähigkeit unserer Wildnisgebiete verbessern, indem sie das Brandmanagement unterstützen. Das Wildlands-Team arbeitet an einem Proof-of-Concept-Projekt, um maschinelles Lernen einzusetzen, um die Belastung für 1-, 10- und 100-Stunden-Brennstoffe in Kg/m2 anhand von Fotos zu schätzen, die mit einer Digitalkamera oder einem Mobiltelefon aufgenommen wurden. Dieses Projekt wird es jedem Förster mit einer Kamera ermöglichen, schnelle und genaue Schätzungen der Brennstoffbelastung zu melden, sodass Brandmanager, Brennstoffspezialisten und Forscher genauere Planungsvorhersagen treffen können. Dies ist Teil einer längerfristigen Vision, maschinelles Lernen zur Unterstützung vieler Aspekte des Brandmanagements in Wildnisgebieten einzusetzen.",Wildlands,CC-BY 4.0,https://publicinterest.ai/
https://huggingface.co/datasets/hiig-ai-lab/publicinterest-ai-projects/blob/main/Public%20Interest%20AI%20Projects%202024.xlsx,EarthRanger,https://www.earthranger.com,Allen Institute for Artificial Intelligence,Unbekannt,"EarthRanger ist eine Softwarelösung, die Manager von Schutzgebieten, Ökologen und Wildtierbiologen dabei unterstützt, fundiertere operative Entscheidungen für den Wildtierschutz zu treffen. EarthRanger sammelt, integriert und visualisiert alle historischen und verfügbaren Fernerkundungsdaten und kombiniert sie mit Berichten aus dem Feld, um eine einheitliche Sicht auf besenderte Wildtiere, Ranger, Einsatzkräfte und Infrastruktur innerhalb eines Schutzgebiets zu bieten.",EarthRanger,CC-BY 4.0,https://publicinterest.ai/
https://huggingface.co/datasets/hiig-ai-lab/publicinterest-ai-projects/blob/main/Public%20Interest%20AI%20Projects%202024.xlsx,Skylight,https://www.skylight.global,Allen Institute for Artificial Intelligence,Unbekannt,"Skylight hilft dabei, die maritime Transparenz zu verbessern und liefert verwertbare Informationen zum Schutz unserer Ozeane. Die Funktionen von Skylight ermöglichen die Durchsetzung von Seerechtsgesetzen durch: Identifizierung von Eindringen oder Verweilen kommerzieller Fischereifahrzeuge in oder nahe Meeresschutzgebieten; Aufzeigen von Stellen, an denen Umladungen von Fisch oder anderen Gütern stattfinden könnten, insbesondere nahe oder in den ausschließlichen Wirtschaftszonen eines Landes; Verfolgung von Netzwerken und Unterstützern illegaler Aktivitäten, wie z. B. Schiffen, die andere illegale Fischereifahrzeuge betanken.",Skylight,CC-BY 4.0,https://publicinterest.ai/
https://huggingface.co/datasets/hiig-ai-lab/publicinterest-ai-projects/blob/main/Public%20Interest%20AI%20Projects%202024.xlsx,Mit KI kinderleicht zum Kindergeld,https://www.hamburg.de/kinderleicht-zum-kindergeld/,"Amt für IT und Digitalisierung in der Senatskanzlei der Freien und Hansestadt Hamburg, Fraunhofer Institut",Unbekannt,"Eltern sind gesetzlich verpflichtet, dem Standesamt in den ersten Tagen nach der Geburt ihres Kindes Informationen zur Beurkundung zur Verfügung zu stellen, um den Namen festzulegen und damit die erste formale Voraussetzung für den Erhalt von Elterngeld und Kindergeld zu erfüllen. Das System vereinfacht diesen Prozess, da es als natürliches Sprachsystem darauf ausgelegt ist, Sprachbarrieren abzubauen und den Antragsprozess zu unterstützen.",,CC-BY 4.0,https://publicinterest.ai/
https://huggingface.co/datasets/hiig-ai-lab/publicinterest-ai-projects/blob/main/Public%20Interest%20AI%20Projects%202024.xlsx,KIKI (KI-basierte Kanalinstandhaltung),https://www.aws-institut.de/research/kiki-ki-basierte-kanalinstandhaltung/,August Wilhelm Scheer Institut für digitale Produkte und Prozesse gGmbH,Unbekannt,"Ziel von KIKI ist es, die Inspektionsverfahren für die Instandhaltung von Abwasserkanälen mit KI-Methoden anzureichern, sodass eine automatische Schadenserkennung auf Basis von Bilddaten möglich ist.",KIKI,CC-BY 4.0,https://publicinterest.ai/
https://huggingface.co/datasets/hiig-ai-lab/publicinterest-ai-projects/blob/main/Public%20Interest%20AI%20Projects%202024.xlsx,KIWA,https://www.z-u-g.org/foerderung/ki-leuchttuerme-fuer-umwelt-klima-natur-und-ressourcen/projekt/kiwa/,B2M Software GmbH; THD – Technische Hochschule Deggendorf; Quantum-Systems GmbH; Universität Bayreuth,Unbekannt,Das Projekt ergänzt bestehende Systeme zur Überwachung der Wasserqualität durch KI-basierte Vorhersagemodelle.,KIWA,CC-BY 4.0,https://publicinterest.ai/
https://huggingface.co/datasets/hiig-ai-lab/publicinterest-ai-projects/blob/main/Public%20Interest%20AI%20Projects%202024.xlsx,TOP.KI (text optimisation using artificial intelligence),https://www.tmdt.uni-wuppertal.de/en/research/research-projects/hws-40-1/,"Bergi­sche Uni­ver­sität Wupper­tal, Insti­tut für Text­op­timierung, Halle/Saale, Zen­tral-Fach­aus­schuss Berufs­bildung Druck und Medien, Berufs­bildungs­werke Ober­lin­haus Potsdam und Lei­pzig, deep­sight GmbH Osna­brück",Laufend,"Das Projektteam TOP.KI will zu mehr Chancengleichheit bei Prüfungen beitragen. Gemeinsam werden die Beteiligten ein Übersetzungstool entwickeln, erproben und evaluieren, das mit Unterstützung künstlicher Intelligenz die Erstellung von Prüfungsfragen in leicht verständlicher Sprache erleichtert. Die mit diesem Tool erstellten Fragen und Texte sollen für Prüflinge leichter verständlich sein, während Inhalt und Schwierigkeitsgrad gleich bleiben. Diese Übersetzung in einfache Sprache soll dazu beitragen, dass Prüfungsergebnisse primär das Fach- und Anwendungswissen widerspiegeln und nicht die Textverständniskompetenz der Auszubildenden.",TOP.KI,CC-BY 4.0,https://publicinterest.ai/
https://huggingface.co/datasets/hiig-ai-lab/publicinterest-ai-projects/blob/main/Public%20Interest%20AI%20Projects%202024.xlsx,biaslyze - The NLP bias identification toolkit,https://biaslyze.org/,Biaslyze ,Abgeschlossen,"Biaslyze ist ein Python-Paket, das den Einstieg in die Analyse von Bias in NLP-Modellen erleichtert und einen konkreten Ansatzpunkt für weitere Folgenabschätzungen und Minderungsmaßnahmen bietet. Die Toolbox bietet einen aufwandsarmen Ansatz für Bias-Tests in NLP-Anwendungsfällen unter Verwendung von kontrafaktischen Bewertungsmethoden. Alle Textklassifizierungsmodelle mit Wahrscheinlichkeitsausgabe werden unterstützt.",biaslyze,CC-BY 4.0,https://publicinterest.ai/
https://huggingface.co/datasets/hiig-ai-lab/publicinterest-ai-projects/blob/main/Public%20Interest%20AI%20Projects%202024.xlsx,Chatbot Familie,https://digitalstrategie-deutschland.de/digitale-familienassistenten/,BMFSFJ,Abgeschlossen,Der Chatbot soll die Informationssuche der Nutzer optimieren und individuelle Informationen schneller als bisher bereitstellen.,,CC-BY 4.0,https://publicinterest.ai/
https://huggingface.co/datasets/hiig-ai-lab/publicinterest-ai-projects/blob/main/Public%20Interest%20AI%20Projects%202024.xlsx,DC2HEAT,https://www.borderstep.de/projekte/dc2heat/,Borderstep Institut,Unbekannt,"Umsetzung der Erkenntnisse aus dem vorangegangenen Projekt DC-HEAT. Ziel ist die Schaffung eines KI-Leuchtturms für die Abwärmenutzung aus Rechenzentren am Beispiel Frankfurt. DC2HEAT soll dazu beitragen, dass die dynamisch wachsende Rechenzentrumsinfrastruktur klimafreundlich betrieben werden kann.",DC2HEAT,CC-BY 4.0,https://publicinterest.ai/
https://huggingface.co/datasets/hiig-ai-lab/publicinterest-ai-projects/blob/main/Public%20Interest%20AI%20Projects%202024.xlsx,AI-Chatbot for political discourse ,https://www.pnas.org/doi/full/10.1073/pnas.2311627120,"Brigham Young University,Duke University,University of Washington",Laufend,"Es wurde ein KI-Chat-Assistent entwickelt, der als skalierbarer Echtzeit-Moderator in spaltenden politischen Gesprächen fungiert. Der Assistent macht maßgeschneiderte Vorschläge zur Umformulierung spezifischer Texte im Verlauf einer Live-Online-Diskussion, ohne den politischen Inhalt oder die eingenommene Position in den Nachrichten grundlegend zu beeinflussen.",,CC-BY 4.0,https://publicinterest.ai/
https://huggingface.co/datasets/hiig-ai-lab/publicinterest-ai-projects/blob/main/Public%20Interest%20AI%20Projects%202024.xlsx,Erkennung von Studienbescheinigungen für Kindergeld,https://www.oeffentliche-it.de/documents/10181/14412/KI+im+Beh%C3%B6rdeneinsatz+-+Erfahrungen+und+Empfehlungen,Bundesagentur für Arbeit,Unbekannt,Die Prüfung von Immatrikulationsbescheinigungen für die Genehmigung von Kindergeld soll automatisiert und damit schneller und weniger arbeitsintensiv erfolgen.,,CC-BY 4.0,https://publicinterest.ai/
https://huggingface.co/datasets/hiig-ai-lab/publicinterest-ai-projects/blob/main/Public%20Interest%20AI%20Projects%202024.xlsx,KITE II,https://www.kite-bga.de/kite-ii/,bundesweite gründerinnenagentur (bga) ; Hochschule Heilbronn,Laufend,"Fortführung von Kite: Die im Projekt KITE zu entwickelnde KI-gestützte Anwendung soll Gründerinnen dabei unterstützen, resilienter im Umgang mit Diskriminierungserfahrungen im Gründungsprozess zu werden – z. B. durch die Vorbereitung auf schwierige Situationen.",KITE II,CC-BY 4.0,https://publicinterest.ai/
https://huggingface.co/datasets/hiig-ai-lab/publicinterest-ai-projects/blob/main/Public%20Interest%20AI%20Projects%202024.xlsx,Tech4Nature México,https://www.forclimate.ai/tech4nature ,C Minds,Unbekannt,"Stärkung effektiver Monitoring-Praktiken für den Schutz des Jaguars und seiner Beutetiere sowie Vertiefung des Verständnisses der Auswirkungen des Klimawandels in prioritären Ökosystemen an der Nordküste der Halbinsel Yucatan durch die Installation eines ganzheitlichen und kontinuierlichen Monitoring-Systems. Dieses besteht aus einem Netzwerk von Kamerafallen und der Entwicklung offener Algorithmen zur Erkennung und Identifizierung von Jaguaren. Mit 20 Kameras und 60 akustischen Überwachungsgeräten (Audiomoths) überwachen wir die biologische Vielfalt im Reservat Dzilam de Bravo, um Arten in der Region zu identifizieren. Mit den Huawei Cloud Artificial Intelligence Plattformen werden die gesammelten Daten analysiert, um Jaguare und andere Schirmarten zu klassifizieren und zu identifizieren.",,CC-BY 4.0,https://publicinterest.ai/
https://huggingface.co/datasets/hiig-ai-lab/publicinterest-ai-projects/blob/main/Public%20Interest%20AI%20Projects%202024.xlsx,Neverending-Altruistic-Donor Initiative (NEAD),https://www.cs.cmu.edu/~conitzer/kidneyAAAI18.pdf,Carnegie Mellon University,Unbekannt,"Der Kettenalgorithmus der Initiative „Neverending Altruistic Donor“ (NEAD), entwickelt von Prof. Tuomas Sandholm, wird wöchentlich vom United Network for Organ Sharing (UNOS) für deren Nierentausch verwendet. Er gewann in diesem Jahr den „AAAI for the Benefit of Humanity“ Award.",NEAD,CC-BY 4.0,https://publicinterest.ai/
https://huggingface.co/datasets/hiig-ai-lab/publicinterest-ai-projects/blob/main/Public%20Interest%20AI%20Projects%202024.xlsx,Kidney Donation Algorithm,https://www.cs.cmu.edu/news/2010/organ-network-uses-carnegie-mellon-algorithm-match-live-kidney-donors-recipients,Carnegie Mellon University ,Unbekannt,"Ein an der Carnegie Mellon University entwickelter Computeralgorithmus vermittelte Ende letzten Monats lebende Nierenspender an medizinisch kompatible Transplantationskandidaten, als das nationale Organbeschaffungs- und Transplantationsnetzwerk (OPTN), betrieben vom United Network for Organ Sharing (UNOS), ein nationales Pilotprogramm startete, um die Anzahl der Nieren-Paarspende-Transplantationen (KPD) zu erhöhen.",,CC-BY 4.0,https://publicinterest.ai/
https://huggingface.co/datasets/hiig-ai-lab/publicinterest-ai-projects/blob/main/Public%20Interest%20AI%20Projects%202024.xlsx,vera.ai,https://www.veraai.eu/home,CERTH,Unbekannt,"vera.ai ist ein Forschungs- und Entwicklungsprojekt, das sich auf die Analyse von Desinformation sowie KI-gestützte Verifizierungs-Tools und -Dienste konzentriert.",vera.ai,CC-BY 4.0,https://publicinterest.ai/
https://huggingface.co/datasets/hiig-ai-lab/publicinterest-ai-projects/blob/main/Public%20Interest%20AI%20Projects%202024.xlsx,CRTX,https://crtx.ai/project/,"circular.fashion, TU Berlin, FU Berlin",Unbekannt,"Ziel ist es, die Lücke zwischen der Alttextilsammlung und der gezielten Sortierung für Second-Hand- und Faser-zu-Faser-Recycling mittels KI-gestützter Spektroskopie und Bildanalyse zu schließen und so einen kontinuierlichen Stoffkreislauf zu ermöglichen.",CRTX,CC-BY 4.0,https://publicinterest.ai/
https://huggingface.co/datasets/hiig-ai-lab/publicinterest-ai-projects/blob/main/Public%20Interest%20AI%20Projects%202024.xlsx,Bike Angels,https://ride.citibikenyc.com/blog/rebalancing-the-citi-bike-system,Citibike (provided by lyft),Unbekannt,"In Zusammenarbeit mit dem New Yorker Bike-Sharing-Anbieter Citi Bike haben Forschende eine Anwendung entwickelt, mit der Fahrradstationen gezielter „aufgefüllt“ werden können, sodass Kunden stets Zugriff auf Fahrräder haben.",Bike Angels,CC-BY 4.0,https://publicinterest.ai/
https://huggingface.co/datasets/hiig-ai-lab/publicinterest-ai-projects/blob/main/Public%20Interest%20AI%20Projects%202024.xlsx,QTrees ,https://citylab-berlin.org/de/projects/qtrees/ sowie https://qtrees.ai/,"CityLab Berlin, Technologiestiftung Berlin",Abgeschlossen,"Das Konsortium „Quantified Trees“ (kurz QTrees) zielt darauf ab, dem Baumsterben langfristig entgegenzuwirken, indem ein durch künstliche Intelligenz (KI) unterstütztes Vorhersagesystem entwickelt wird, das anhand einer Vielzahl von Daten akut trockenheitsgefährdete Stadtbäume frühzeitig identifiziert.",QTrees ,CC-BY 4.0,https://publicinterest.ai/
https://huggingface.co/datasets/hiig-ai-lab/publicinterest-ai-projects/blob/main/Public%20Interest%20AI%20Projects%202024.xlsx,Climate TRACE,https://climatetrace.org/,Climate TRACE ,Abgeschlossen,"Climate TRACE ist eine gemeinnützige Koalition von Organisationen, die eine zeitnahe, offene und zugängliche Bestandsaufnahme darüber erstellen, wo genau Treibhausgasemissionen entstehen. Wir machen aussagekräftigen Klimaschutz schneller und einfacher, indem wir Technologie nutzen, um Treibhausgasemissionen (THG) mit beispielloser Detailgenauigkeit und Geschwindigkeit zu verfolgen und Informationen bereitzustellen, die für alle Parteien relevant sind, die auf das Ziel von Netto-Null-Emissionen hinarbeiten.",Climate TRACE,CC-BY 4.0,https://publicinterest.ai/
https://huggingface.co/datasets/hiig-ai-lab/publicinterest-ai-projects/blob/main/Public%20Interest%20AI%20Projects%202024.xlsx,ZuSiNa,https://www.z-u-g.org/foerderung/ki-leuchttuerme-fuer-umwelt-klima-natur-und-ressourcen/projekt/zusina/,ConPolicy GmbH; Deutsches Forschungszentrum für Künstliche Intelligenz GmbH; Fraunhofer-Gesellschaft zur Förderung der angewandten Forschung e.V.,Unbekannt,Besserer Zugang und Sichtbarkeit von Nachhaltigkeitsinformationen im Online-Handel durch künstliche Intelligenz.,ZuSiNa,CC-BY 4.0,https://publicinterest.ai/
https://huggingface.co/datasets/hiig-ai-lab/publicinterest-ai-projects/blob/main/Public%20Interest%20AI%20Projects%202024.xlsx,Chatbot Bobbi,https://service.berlin.de/chatbot/chatbot-bobbi-606279.php,DAI-Labor der TU Berlin in Kooperation mit ITDZ Berlin,Unbekannt,„Bobbi“ ist ein mehrsprachiger Chatbot für Fragen rund um die Berliner Verwaltung. Er beherrscht neun Sprachen und basiert auf DeepL.,Bobbi,CC-BY 4.0,https://publicinterest.ai/
https://huggingface.co/datasets/hiig-ai-lab/publicinterest-ai-projects/blob/main/Public%20Interest%20AI%20Projects%202024.xlsx,Frag nach! – Die interaktiven Zeitzeugnisse von Inge Auerbacher und Kurt S. Maier,https://fragnach.org/,"Deutsche Exilarchiv 1933-1945 (Deutsche Nationalbibliothek), USC Shoah Foundation - The Institute for Visual History and Education",Laufend,"Seit September 2023 zeigt das Deutsche Exilarchiv 1933–1945 die Ausstellung „Frag nach! Digitale interaktive Interviews mit Inge Auerbacher und Kurt S. Maier“, die den Lebensgeschichten und Erinnerungen der Zeitzeugen Inge Auerbacher und Kurt S. Maier gewidmet ist. Das Exilarchiv erprobt eine neue Form des digitalen Zeugnisses, die darauf abzielt, die Möglichkeit der Befragung von Zeitzeugen für die Zukunft zu bewahren. Besucher der Ausstellung können bereits in einen Dialog mit dem digitalen interaktiven Interview mit Kurt S. Maier treten. Eine Spracherkennungssoftware wandelt die mündlichen Fragen in Textdaten um. Mittels natürlicher Sprachverarbeitung werden die Fragen mit dem Inhalt einer Datenbank abgeglichen. Anschließend wird die passende Antwortsequenz abgespielt.",Frag nach!,CC-BY 4.0,https://publicinterest.ai/
https://huggingface.co/datasets/hiig-ai-lab/publicinterest-ai-projects/blob/main/Public%20Interest%20AI%20Projects%202024.xlsx,"Caritas ""Lernende Systeme in der Beratung""",https://www.caritas-digital.de/projekte/lernende-systeme-in-der-beratung/,Deutscher Caritasverband e.V.,Unbekannt,"CariFIX ist eine webbasierte Plattform, über die sich Caritas-Berater vernetzen und zu spezifischen Fragen aus ihrem Arbeitsalltag austauschen können – deutschlandweit.",,CC-BY 4.0,https://publicinterest.ai/
https://huggingface.co/datasets/hiig-ai-lab/publicinterest-ai-projects/blob/main/Public%20Interest%20AI%20Projects%202024.xlsx,PlasticObs_plus,https://www.plasticobs.de/   https://www.z-u-g.org/foerderung/ki-leuchttuerme-fuer-umwelt-klima-natur-und-ressourcen/projekt/plasticobs-plus/,Deutsches Forschungszentrum für Künstliche Intelligenz GmbH; OPTIMARE Systems GmbH; Jade Hochschule Wilhelmshaven/Oldenburg/Elsflet; everwave GmbH,Unbekannt,"Plastikmüll im Meer aus der Luft erkennen: Das Projekt „PlasticObs_plus“ zielt darauf ab, Quellen und Verteilungswege von Plastikmüll mithilfe von Luftfahrzeugen und KI zu identifizieren.",PlasticObs_plus,CC-BY 4.0,https://publicinterest.ai/
https://huggingface.co/datasets/hiig-ai-lab/publicinterest-ai-projects/blob/main/Public%20Interest%20AI%20Projects%202024.xlsx,AuSeSol_AI,https://www.z-u-g.org/foerderung/ki-leuchttuerme-fuer-umwelt-klima-natur-und-ressourcen/projekt/ausesol-ai/,Deutsches Zentrum für Luft- und Raumfahrt e.V. (DLR); Concentrating Solar Power España S.L (CSPS); Industrial Solar GmbH; Technische Universität München; Forschungszentrum Jülich GmbH; fortiss GmbH,Unbekannt,KI-Methoden für die Wärme- und Stromerzeugung mit solarthermischen Kollektorsystemen.,AuSeSol_AI,CC-BY 4.0,https://publicinterest.ai/
https://huggingface.co/datasets/hiig-ai-lab/publicinterest-ai-projects/blob/main/Public%20Interest%20AI%20Projects%202024.xlsx,Smart Recycling,https://robotik.dfki-bremen.de/de/forschung/projekte/smartrecycling-up/ https://www.z-u-g.org/foerderung/ki-leuchttuerme-fuer-umwelt-klima-natur-und-ressourcen/projekt/smart-recycling-up/,DFKI Bremen,Unbekannt,KI-basierte Methoden zur automatischen Sortierung großer Abfallstücke.,,CC-BY 4.0,https://publicinterest.ai/
https://huggingface.co/datasets/hiig-ai-lab/publicinterest-ai-projects/blob/main/Public%20Interest%20AI%20Projects%202024.xlsx,MBAZA A.I CHATBOT ,https://digitalumuganda.com/chatbot/,Digital Umuganda / GIZ,Unbekannt,"Dies ist ein Regierungs-Chatbot in der Landessprache (Sprache und Text), über den Bürger Zugangsinformationen und Unterstützung erhalten sowie Feedback geben können. Darüber hinaus werden „Kontaminationsfälle über diese Schnittstelle verfolgt“. Ziel ist es, Zugangs- und Alphabetisierungsbarrieren zu überwinden.",MBAZA A.I,CC-BY 4.0,https://publicinterest.ai/
https://huggingface.co/datasets/hiig-ai-lab/publicinterest-ai-projects/blob/main/Public%20Interest%20AI%20Projects%202024.xlsx,RBC-Mbaza Chatbot,https://international-partnerships.ec.europa.eu/policies/programming/projects/mbaza-chatbot-giving-access-covid-19-information-throughout-rwanda_en,Digital Umuganda; GIZ Digital Transformation Center,Abgeschlossen,"Was soll ich tun, wenn ich Fieber habe? Woran erkenne ich, ob ich das Coronavirus habe? Der „RBC-Mbaza Chatbot“ hat die Antworten. Er berät bei Fragen zum Coronavirus, informiert über Symptome und Prävention – und wird dabei immer besser. Denn der Chatbot basiert auf künstlicher Intelligenz. Wenn Ruander ihn nutzen, erhalten sie nicht nur verlässliche Antworten, sondern das System lernt auch dazu, indem es sich hilfreiche Antworten und häufig gestellte Fragen merkt und diese entsprechend verknüpft. Der Chatbot baut auf bestehenden Informationssystemen in Ruanda auf, darunter Datenbanken des Biomedical Center und der Rwanda Information Society Authority.",,CC-BY 4.0,https://publicinterest.ai/
https://huggingface.co/datasets/hiig-ai-lab/publicinterest-ai-projects/blob/main/Public%20Interest%20AI%20Projects%202024.xlsx,NiMo – Nitrat-Monitoring 4.0,https://nimo-projekt.de/,"Disy Informationssysteme GmbH, Fraunhofer IOSB, Karlsruher Institut für Technologie (KIT) (Abteilung Hydrogeologie), TZW: DVGW-Technologiezentrum Wasser",Unbekannt,Das intelligente System zur nachhaltigen Reduzierung von Nitrat im Grundwasser soll mithilfe von KI den Anteil von Nitrat im Grundwasser vorhersagen und so eine angemessene Reaktion und Prävention ermöglichen.,NiMo,CC-BY 4.0,https://publicinterest.ai/
https://huggingface.co/datasets/hiig-ai-lab/publicinterest-ai-projects/blob/main/Public%20Interest%20AI%20Projects%202024.xlsx,Zamba,https://zamba.drivendata.org/,DrivenData,Unbekannt,"Zamba ist das Ergebnis eines Wettbewerbs von DrivenData, bei dem Computer Vision zur Analyse von Wildtierkamera-Videos eingesetzt wird. So können beispielsweise typische Fehlauslösungen ohne erkennbare Tiere oder durch Menschen ausgelöste Bilder herausgefiltert und Tierarten erkannt werden. Das bereitgestellte Modell ist in der Lage, 31 typischerweise in Zentral- und Westafrika vorkommende Tierarten sowie 10 westeuropäische Tierarten zu erkennen.",Zamba,CC-BY 4.0,https://publicinterest.ai/
https://huggingface.co/datasets/hiig-ai-lab/publicinterest-ai-projects/blob/main/Public%20Interest%20AI%20Projects%202024.xlsx,Earth Species Project,https://www.earthspecies.org/,Earth Species Project (ESP),Unbekannt,"Das Earth Species Project (ESP) ist ein gemeinnütziges Forschungslabor und eine Impact-Organisation, die sich darauf konzentriert, künstliche Intelligenz einzusetzen, um unser Verständnis der tierischen Kommunikation zu vertiefen und letztlich nicht-menschliche Sprachen zu entschlüsseln.",,CC-BY 4.0,https://publicinterest.ai/
https://huggingface.co/datasets/hiig-ai-lab/publicinterest-ai-projects/blob/main/Public%20Interest%20AI%20Projects%202024.xlsx,OTT,https://nortal.com/de/einblicke/ott-eine-ki-gestutzte-erfolgsgeschichte-im-offentlichen-sektor/,Estonia Unemployment Insurance Fund,Unbekannt,"Vor zwei Jahren hat die estnische Regierung potenzielle Probleme erarbeitet, die durch den Einsatz von KI gelöst werden könnten. Im Oktober 2020 ging das EUIF-Entscheidungsunterstützungstool für Berater (kurz OTT) live. Das OTT-System ist ein Werkzeug, das Beratern der Arbeitslosenversicherung hilft, schnell und effektiv Daten über eine arbeitslose Person (d. h. den Kunden) zu sammeln und zu analysieren. Gleichzeitig ist es möglich, die wirtschaftliche Lage zu berücksichtigen und die Chancen auf eine neue Stelle datengestützt und automatisiert vorherzusagen. OTT setzt auf den Einsatz von künstlicher Intelligenz. Genauer gesagt auf das maschinelle Lernmodell „Random Forest“, das auf Basis von Arbeitslosendaten der letzten fünf Jahre trainiert und getestet wurde. Basierend auf diesem spezifischen Modell sowie 60 verschiedenen Attributen und Indikatoren wird jede arbeitslose Person bewertet und ihre Chancen auf eine neue Stelle berechnet.",OTT,CC-BY 4.0,https://publicinterest.ai/
https://huggingface.co/datasets/hiig-ai-lab/publicinterest-ai-projects/blob/main/Public%20Interest%20AI%20Projects%202024.xlsx,"MAMMOth ""Multi-Attribute, Multimodal Bias Mitigation in AI Systems""",https://mammoth-ai.eu/,ETHNIKO KENTRO EREVNAS KAI TECHNOLOGIKIS ANAPTYXIS (CERTH),Unbekannt,"Das EU-geförderte Projekt MAMMOth bekämpft KI-Bias, indem es sich auf die Minderung von Mehrfachdiskriminierung bei tabellarischen, Netzwerk- und multimodalen Daten konzentriert. In Zusammenarbeit mit Informatik- und KI-Experten wird das Projekt Werkzeuge für eine fairnessorientierte KI entwickeln, die die Rechenschaftspflicht in Bezug auf geschützte Merkmale wie Geschlecht, Rasse und Alter sicherstellen. Das Projekt wird auch Gemeinschaften schutzbedürftiger und/oder unterrepräsentierter Gruppen in die KI-Forschung einbeziehen, um sicherzustellen, dass die Bedürfnisse und Probleme der Nutzer tatsächlich im Mittelpunkt der Agenda stehen. Endziel ist die Entwicklung von Pilotprojekten für Finanz-/Kreditanträge, Identitätsprüfung und akademische Evaluierung.",MAMMOth,CC-BY 4.0,https://publicinterest.ai/
https://huggingface.co/datasets/hiig-ai-lab/publicinterest-ai-projects/blob/main/Public%20Interest%20AI%20Projects%202024.xlsx,Claudette Tool ,http://claudette.eui.eu/demo/,"European University Institute: Law Department, (led by professors Giovanni Sartor and Hans-W. Micklitz) & engineers from University of Bologna and University of Modena and Reggio Emilia",Unbekannt,"CLAUDETTE ist ein Tool, das KI nutzt, um potenziell unfaire Vertragsklauseln in Verbraucherverträgen und Datenschutzerklärungen zu identifizieren. Dabei kommen grammatikbasierte Ansätze zum Einsatz. Nutzer können Verträge innerhalb weniger Minuten per Copy-Paste prüfen lassen.",Claudette,CC-BY 4.0,https://publicinterest.ai/
https://huggingface.co/datasets/hiig-ai-lab/publicinterest-ai-projects/blob/main/Public%20Interest%20AI%20Projects%202024.xlsx,EyeCaptain ,https://eyecaptain.de/,EyeCaptain e.V.,Unbekannt,"Kostenlose App, mit der andere Apps über Augenbewegungen gesteuert werden können. EyeCaptain nutzt Eye-Tracking, eine Technologie, mit der gemessen werden kann, welcher Bereich des Bildschirms betrachtet wird. Eine Infrarotkamera am Endgerät, z. B. dem Tablet, erkennt die Pupillen. Die Steuerung basiert dann auf den Bewegungen der Augen: Wenn man beispielsweise ein App-Icon länger betrachtet, öffnet sich die App.",EyeCaptain ,CC-BY 4.0,https://publicinterest.ai/
https://huggingface.co/datasets/hiig-ai-lab/publicinterest-ai-projects/blob/main/Public%20Interest%20AI%20Projects%202024.xlsx,K1:STE – KI System für Erdsystemdaten,https://kiste-project.de/home-de/,Forschungszentrum Jülich GmbH,Unbekannt,"Ziel des Projekts ist es, die Analyse von Umweltdaten zu verbessern. Im Zuge dessen sollen zwei Plattformen entwickelt werden: Einerseits eine Plattform, die Datensätze und KI-Analysetools bereitstellt, und andererseits eine Plattform, die als Lernplattform für die Anwendung von KI-Tools dienen soll. Gesamtziel ist es, die Vorhersage bestimmter Wetterphänomene und deren Auswirkungen – z. B. Wolken und die Erzeugung von Solarstrom – zu erleichtern.",K1:STE,CC-BY 4.0,https://publicinterest.ai/
https://huggingface.co/datasets/hiig-ai-lab/publicinterest-ai-projects/blob/main/Public%20Interest%20AI%20Projects%202024.xlsx,KISTE,https://www.z-u-g.org/foerderung/ki-leuchttuerme-fuer-umwelt-klima-natur-und-ressourcen/projekt/kiste/,Forschungszentrum Jülich GmbH; Universität zu Köln; 52° North Initiative for Geospatial Open Source Software GmbH; Rheinisch-Westfälische Technische Hochschule Aachen; Rheinische Friedrich-Wilhelms-Universität Bonn; Ambrosys GmbH,Unbekannt,"Eine KI-Strategie für Erdsystemdaten zur Analyse, Verarbeitung und Bereitstellung von Umweltveränderungen.",KISTE,CC-BY 4.0,https://publicinterest.ai/
https://huggingface.co/datasets/hiig-ai-lab/publicinterest-ai-projects/blob/main/Public%20Interest%20AI%20Projects%202024.xlsx,SAI,https://fias.institute/de/projekte/sai-seismology-and-artificial-intelligence/,Frankfurt Institute for Advanced Studies,Unbekannt,"In diesem Projekt werden KI-Methoden auf die Seismologie angewendet. Ansätze des maschinellen Lernens und Deep Learnings werden auf Erdbebendaten angewendet. Zu diesem Zweck werden neue KI-Methoden entwickelt, die nicht nur für das Verständnis von Erdbeben, sondern auch für andere Naturkatastrophen genutzt werden können. Die daraus resultierende Expertise wird auch in Lehre und Forschung einfließen und könnte zudem auf industrielle Anwendungen übertragen werden.",SAI,CC-BY 4.0,https://publicinterest.ai/
https://huggingface.co/datasets/hiig-ai-lab/publicinterest-ai-projects/blob/main/Public%20Interest%20AI%20Projects%202024.xlsx,Smart-E-Factory,https://www.z-u-g.org/foerderung/ki-leuchttuerme-fuer-umwelt-klima-natur-und-ressourcen/projekt/smart-e-factory/,Fraunhofer-Anwendungszentrum Industrial Automation des IOSB-INA; Hadi-Plast GmbH; IANUS Simulation GmbH; Technische Hochschule Ostwestfalen-Lippe (Institut für Energieforschung – iFE),Unbekannt,"Das Projekt Smart-E-Factory entwickelt KI-basierte Lösungen, um Nachhaltigkeitsziele in der Industrie zu erreichen.",,CC-BY 4.0,https://publicinterest.ai/
https://huggingface.co/datasets/hiig-ai-lab/publicinterest-ai-projects/blob/main/Public%20Interest%20AI%20Projects%202024.xlsx,DESIRE4ELECTRONICS,https://www.z-u-g.org/foerderung/ki-leuchttuerme-fuer-umwelt-klima-natur-und-ressourcen/projekt/desire4electronics/,Fraunhofer-Gesellschaft zur Förderung der angewandten Forschung e. V.; acp systems AG; United Nations Institute for Training and Research (UNITAR); Deprag Schulz GmbH u. Co.,Unbekannt,"Das Projekt nutzt künstliche Intelligenz, um den Recyclingprozess für Elektrokleingeräte zu automatisieren.",DESIRE4ELECTRONICS,CC-BY 4.0,https://publicinterest.ai/
https://huggingface.co/datasets/hiig-ai-lab/publicinterest-ai-projects/blob/main/Public%20Interest%20AI%20Projects%202024.xlsx,DeepBirdDetect,https://www.z-u-g.org/foerderung/ki-leuchttuerme-fuer-umwelt-klima-natur-und-ressourcen/projekt/deepbirddetect/,Fraunhofer-Gesellschaft zur Förderung der angewandten Forschung e.V. (Institut für Energiewirtschaft und Energiesystemtechnik); Universität Kassel (Fachgebiet Intelligente Eingebettete Systeme); Christian-Albrechts-Universität zu Kiel (Arbeitsgruppe Intelligente Systeme); Technische Universität Chemnitz (Fakultät für Informatik - Professur Medieninformatik),Unbekannt,"Das Projekt hat das Potenzial, den Ausbau der Windenergie besser mit dem Natur- und Artenschutz in Einklang zu bringen.",DeepBirdDetect,CC-BY 4.0,https://publicinterest.ai/
https://huggingface.co/datasets/hiig-ai-lab/publicinterest-ai-projects/blob/main/Public%20Interest%20AI%20Projects%202024.xlsx,Full Fact,https://fullfact.org,Gemeinnützige Initiative (registered charity & non-profit company),Unbekannt,"Full Fact ist eine gemeinnützige Initiative, die KI einsetzt, um Tools für Trendmonitoring und Clustering bereitzustellen, die Faktenprüfern bei der Analyse von Nachrichten und anderen Informationen helfen.",Full Fact,CC-BY 4.0,https://publicinterest.ai/
https://huggingface.co/datasets/hiig-ai-lab/publicinterest-ai-projects/blob/main/Public%20Interest%20AI%20Projects%202024.xlsx,DataKind: efficient vaccine coverage,https://www.datakind.org/,Global Nonprofit Organisation,Unbekannt,"DataKind ist eine Organisation, die ehrenamtliche Datenwissenschaftler mit humanitären Organisationen zusammenbringt.",,CC-BY 4.0,https://publicinterest.ai/
https://huggingface.co/datasets/hiig-ai-lab/publicinterest-ai-projects/blob/main/Public%20Interest%20AI%20Projects%202024.xlsx,Govii,https://govii.de/,Govii UG,Unbekannt,"Govii ist ein intelligenter Bot, der Fragen zu allen behördlichen Themen beantworten kann. Govii greift unter anderem auf bestehende Zuständigkeitsinformationen der öffentlichen Verwaltung zurück. Hierzu durchsucht er eine Vielzahl von Schnittstellen und (XÖV-)Standards, um die passenden Informationen zu finden.",Govii,CC-BY 4.0,https://publicinterest.ai/
https://huggingface.co/datasets/hiig-ai-lab/publicinterest-ai-projects/blob/main/Public%20Interest%20AI%20Projects%202024.xlsx,ReCirCe,https://www.recirce.de/ https://www.z-u-g.org/foerderung/ki-leuchttuerme-fuer-umwelt-klima-natur-und-ressourcen/projekt/recirce/,"GreenDelta GmbH, Deutsches Forschungszentrum für Künstliche Intelligenz, Technische Universität Darmstadt, Fraunhofer-Einrichtung für Wertstoffkreisläufe & Ressourcenstrategie (IWKS))",Unbekannt,"Ziel ist es, Recyclingprozesse zu verbessern und so eine nachhaltigere Kreislaufwirtschaft anzustreben, indem das Recycling von Materialien durch digitale Lebenszyklusakten und den Einsatz von KI vereinfacht wird; im Projekt „Digital Lifecycle Record for the Circular Economy“ (ReCircE) werden Stoffkreisläufe transparent gemacht und die Abfallsortierung mithilfe von künstlicher Intelligenz optimiert.",ReCirCe,CC-BY 4.0,https://publicinterest.ai/
https://huggingface.co/datasets/hiig-ai-lab/publicinterest-ai-projects/blob/main/Public%20Interest%20AI%20Projects%202024.xlsx,EKAPEx,https://www.z-u-g.org/foerderung/ki-leuchttuerme-fuer-umwelt-klima-natur-und-ressourcen/projekt/ekapex/,Hasso-Plattner-Institut für Digital Engineering gGmbH; Technische Universität München (School of Engineering and Design); Helmholtz-Zentrum Potsdam (Deutsches GeoForschungsZentrum),Unbekannt,"Das Projekt entwickelt eine KI-basierte Niederschlagsvorhersage für Deutschland, mit der insbesondere Extremwetterereignisse vorhergesagt werden können.",EKAPEx,CC-BY 4.0,https://publicinterest.ai/
https://huggingface.co/datasets/hiig-ai-lab/publicinterest-ai-projects/blob/main/Public%20Interest%20AI%20Projects%202024.xlsx,RecyclaBot,https://www.z-u-g.org/foerderung/ki-leuchttuerme-fuer-umwelt-klima-natur-und-ressourcen/projekt/recyclebot/,Hochschule Aalen - Hochschule für Technik und Wirtschaft; Gesellschaft im Ostalbkreis für Abfallbewirtschaftung mbH; GreenDelta GmbH; WeSort.Al GmbH; Holzer GmbH,Unbekannt,"Ziel des Projekts ist es, die Recyclingquote von Kunststoffabfällen zu erhöhen. Zu diesem Zweck wird der Sortierprozess mithilfe von künstlicher Intelligenz optimiert.",RecyclaBot,CC-BY 4.0,https://publicinterest.ai/
https://huggingface.co/datasets/hiig-ai-lab/publicinterest-ai-projects/blob/main/Public%20Interest%20AI%20Projects%202024.xlsx,IsoSens,https://www.z-u-g.org/foerderung/ki-leuchttuerme-fuer-umwelt-klima-natur-und-ressourcen/projekt/isosens/,"Hochschule für Angewandte Wissenschaften Hamburg,Zukunft – Umwelt – Gesellschaft (ZUG) gGmbH",Unbekannt,Entwicklung eines KI-basierten Sensors zur Bestimmung der isotopologischen Zusammensetzung von Treibhausgasen für die Erforschung klimatischer Prozesse (IsoSens).,IsoSens,CC-BY 4.0,https://publicinterest.ai/
https://huggingface.co/datasets/hiig-ai-lab/publicinterest-ai-projects/blob/main/Public%20Interest%20AI%20Projects%202024.xlsx,FluKIT,https://www.z-u-g.org/foerderung/ki-leuchttuerme-fuer-umwelt-klima-natur-und-ressourcen/projekt/flukit/,Hochschule für Technik und Wirtschaft des Saarlandes; Technische Hochschule Bingen; Mittelrheinstrom UG (haftungsbeschränkt) & Co. 560 KG,Unbekannt,"Das Projekt zielt darauf ab, mithilfe künstlicher Intelligenz den Ausbau der Stromerzeugung aus Wasserkraft und die umweltfreundliche Produktion erneuerbarer Energien voranzutreiben.",FluKIT,CC-BY 4.0,https://publicinterest.ai/
https://huggingface.co/datasets/hiig-ai-lab/publicinterest-ai-projects/blob/main/Public%20Interest%20AI%20Projects%202024.xlsx,CognitiveWeeding,https://cognitive-weeding.de/projekterklaerung/,"Hochschule Osnabrück, AMAZONEN-WERKE H. DREYER SE & Co. KG",Unbekannt,"Ziel von „CognitiveWeeding“ ist es, neue Wege der Unkrautregulierung zu entwickeln, indem die Sichtweise auf die Begleitflora von Ackerkulturen verändert wird. Bei der Planung der Regulierungsmaßnahmen muss abgewogen werden, inwieweit Unkräuter bekämpft oder toleriert bzw. vorübergehend nicht bekämpft werden, um die pflanzliche Biodiversität zu erhöhen und Lebensräume sowie Nahrungsquellen für Insekten zu schaffen oder zu erhalten.",CognitiveWeeding,CC-BY 4.0,https://publicinterest.ai/
https://huggingface.co/datasets/hiig-ai-lab/publicinterest-ai-projects/blob/main/Public%20Interest%20AI%20Projects%202024.xlsx,Korn Recycling / Müll Sortierung,https://www.wirtschaft-digital-bw.de/ki-made-in-bw/innovationswettbewerb-ki-fuer-kmu/hyperspec-sortierung-von-wertstoffen,"Hochschule Reutlingen, Korn Recycling GmbH, LuxFlux GmbH",Unbekannt,"Ziel des Projekts ist es, unsortierte, aber recycelbare Materialien automatisch in Echtzeit zu erkennen. Ohne Sortierung müssten diese verbrannt werden. Zu diesem Zweck wird eine Datenbank aufgebaut, die Hyperspektralaufnahmen (Abbildung chemischer Merkmale) von Abfällen enthält. Diese dient als Basis für ein KI-System zur Kategorisierung von Materialklassen. Zusätzliche Sensordaten werden später bei der Implementierung zum Abgleich verwendet.",,CC-BY 4.0,https://publicinterest.ai/
https://huggingface.co/datasets/hiig-ai-lab/publicinterest-ai-projects/blob/main/Public%20Interest%20AI%20Projects%202024.xlsx,GreenTwin,https://www.z-u-g.org/foerderung/ki-leuchttuerme-fuer-umwelt-klima-natur-und-ressourcen/projekt/greentwin/,Hochschule Trier – Umwelt Campus Birkenfeld; PSI Logistics GmbH; DFKI; RWTH Aachen,Unbekannt,Das Projekt GreenTwin widmet sich der Entwicklung nachhaltiger Regionallogistik im ländlichen Raum unter Einsatz künstlicher Intelligenz.,GreenTwin,CC-BY 4.0,https://publicinterest.ai/
https://huggingface.co/datasets/hiig-ai-lab/publicinterest-ai-projects/blob/main/Public%20Interest%20AI%20Projects%202024.xlsx,AISUM,https://www.htw-berlin.de/forschung/online-forschungskatalog/projekte/projekt/?eid=2913,HTW Berlin,Unbekannt,"Das Projekt zielte darauf ab, eine Plattform für nachhaltige urbane Mobilität zu etablieren, in der Klimaschutz und Ressourceneffizienz strukturell verankert sind. Das Ergebnis war ein Prototyp.",AISUM,CC-BY 4.0,https://publicinterest.ai/
https://huggingface.co/datasets/hiig-ai-lab/publicinterest-ai-projects/blob/main/Public%20Interest%20AI%20Projects%202024.xlsx,AQUA-KI,https://www.igb-berlin.de/projekt/aqua-ki,IGB Leibniz-Institut für Gewässerökologie und Binnenfischerei,Unbekannt,KI-basierte optische Methoden zum Nachweis von Mikroorganismen in aquatischen Ökosystemen.,AQUA-KI,CC-BY 4.0,https://publicinterest.ai/
https://huggingface.co/datasets/hiig-ai-lab/publicinterest-ai-projects/blob/main/Public%20Interest%20AI%20Projects%202024.xlsx,Tracking attacks on health care in Ukraine,https://www.attacksonhealthukraine.org,"Insecurity Insights, Physicians for Human Rigths, DrivenData",Unbekannt,"Erstellung einer interaktiven Echtzeitkarte zur Visualisierung von Angriffen auf das ukrainische Gesundheitssystem seit Beginn der russischen Invasion im Februar 2022. Die Karte soll Partnerorganisationen dabei unterstützen, Hilfe zu leisten, Aggressoren vor Gericht zur Rechenschaft zu ziehen und das öffentliche Bewusstsein zu schärfen.",,CC-BY 4.0,https://publicinterest.ai/
https://huggingface.co/datasets/hiig-ai-lab/publicinterest-ai-projects/blob/main/Public%20Interest%20AI%20Projects%202024.xlsx,WindGISKI,https://www.iph-hannover.de/de/forschung/forschungsprojekte/?we_objectID=5712 https://www.z-u-g.org/foerderung/ki-leuchttuerme-fuer-umwelt-klima-natur-und-ressourcen/projekt/windgiski/,Institut für integrierte Produktion Hannover,Unbekannt,"Entwicklung eines KI-basierten Geoinformationssystems zur Auswahl von Windenergie-Potenzialflächen im Spannungsfeld zwischen Arten-, Umwelt- und Klimaschutz.",WindGISKI,CC-BY 4.0,https://publicinterest.ai/
https://huggingface.co/datasets/hiig-ai-lab/publicinterest-ai-projects/blob/main/Public%20Interest%20AI%20Projects%202024.xlsx,AI for Reporters,https://iatpp.calpoly.edu/initiatives,"Institute for Advanced Technology and Public Policy, California Polytechnic State University",Unbekannt,"Ein KI-gestützter digitaler Nachrichtendienst, der automatisch Nachrichtenartikel, Entwürfe und zugehörige Medieninhalte aus strukturierten legislativen Informationsquellen generieren kann.",,CC-BY 4.0,https://publicinterest.ai/
https://huggingface.co/datasets/hiig-ai-lab/publicinterest-ai-projects/blob/main/Public%20Interest%20AI%20Projects%202024.xlsx,IDETECT,https://www.internal-displacement.org/monitoring-tools/monitoring-platform,Internal Displacement Monitoring Centre (IDMC),Unbekannt,"Die Ergebnisse von IDETECT, unserem Tool für natürliche Sprachverarbeitung und überwachtes maschinelles Lernen, werden auf einer Plattform (IDMC-Monitore) visualisiert, die Informationen über gemeldete Konfliktvorfälle und das Auftreten von Naturgefahren anzeigt.",IDETECT,CC-BY 4.0,https://publicinterest.ai/
https://huggingface.co/datasets/hiig-ai-lab/publicinterest-ai-projects/blob/main/Public%20Interest%20AI%20Projects%202024.xlsx,Giga Project Unicef,https://projectconnect.unicef.org/map,"ITU, Unicef",Unbekannt,"Project Connect zielt darauf ab, die digitale Kluft im Bildungswesen zu verringern, indem Schulen und deren Ausstattung kartiert werden, und bietet detaillierte Hintergrundinformationen zur Nutzung von Datensätzen und Software. Maschinelles Lernen wird eingesetzt, um Schulen mittels Computer Vision auf Satellitenbildern zu erkennen und deren Einrichtungen (insbesondere die Internetanbindung) zu kategorisieren.",,CC-BY 4.0,https://publicinterest.ai/
https://huggingface.co/datasets/hiig-ai-lab/publicinterest-ai-projects/blob/main/Public%20Interest%20AI%20Projects%202024.xlsx,C-19,https://www.oeffentliche-it.de/documents/10181/14412/KI+im+Beh%C3%B6rdeneinsatz+-+Erfahrungen+und+Empfehlungen (S.22),"ITZBund, Ministerien und Behörden",Unbekannt,"Der C-19-Chatbot wird von den Behörden eingesetzt, um Informationen über das Coronavirus an die Bürger zu kommunizieren.",C-19,CC-BY 4.0,https://publicinterest.ai/
https://huggingface.co/datasets/hiig-ai-lab/publicinterest-ai-projects/blob/main/Public%20Interest%20AI%20Projects%202024.xlsx,Botometer,https://botometer.osome.iu.edu/,joint project of the Observatory on Social Media (OSoMe) and the Network Science Institute (IUNI) at Indiana University  ,Unbekannt,"Botometer sammelt zunächst Daten von der Social-Media-Website Twitter über deren öffentliche API. Anschließend extrahiert es über tausend Merkmale in Bezug auf das Konto, Freunde, Netzwerk, Inhalt und Stimmung des betreffenden Nutzers. Schließlich verwendet Botometer ein Random-Forest-Klassifikationsmodell, das auf einem öffentlichen Datensatz trainiert wurde (von dem ein Teil manuell als Mensch oder Bot gekennzeichnet ist) und Tausende von verifizierten Bot-Konten, deren Tweets sowie Tweets, in denen sie erwähnt werden, enthält. Der Klassifikator gibt einen Wahrscheinlichkeitswert aus, der angibt, wie wahrscheinlich es ist, dass es sich bei einem bestimmten Konto um einen Bot handelt.",Botometer,CC-BY 4.0,https://publicinterest.ai/
https://huggingface.co/datasets/hiig-ai-lab/publicinterest-ai-projects/blob/main/Public%20Interest%20AI%20Projects%202024.xlsx,PoliTrack,https://politrack.org/,"Jonas Dippel, Michael Perk GbR",Unbekannt,Politrack vergleicht die Umfragewerte der deutschen Parteien mit den in den großen deutschen Zeitungen diskutierten Themen. Zum Beispiel: Von X bis Y waren die Plagiatsvorwürfe gegen Baerbock ein großes Thema in den Zeitungen; wie verhielten sich in diesem Zeitraum die Umfragewerte der Grünen? Das Projekt wurde vom Prototypefund gefördert.,PoliTrack,CC-BY 4.0,https://publicinterest.ai/
https://huggingface.co/datasets/hiig-ai-lab/publicinterest-ai-projects/blob/main/Public%20Interest%20AI%20Projects%202024.xlsx,Genderly ,https://gendern.jetzt/?text=,"Karl Engelhardt, Charlotte Friedrich, Felix Haak & Philipp Müller GbR",Abgeschlossen,"Der Wunsch nach inklusiver Sprache rückt sowohl bei der öffentlichen als auch bei der privaten Texterstellung zunehmend in den Mittelpunkt. Um Nutzern bei den typischen sprachlichen Problemen zu helfen, die dabei auftreten (z. B. „Arztgehalt oder ärztliches Gehalt?“), bieten wir eine einfache und benutzerfreundliche Softwarelösung an, die im Gegensatz zu herkömmlichen präskriptiven Nachschlagewerken die Sprache so abbildet, wie sie von Textern tatsächlich verwendet wird.",Genderly ,CC-BY 4.0,https://publicinterest.ai/
https://huggingface.co/datasets/hiig-ai-lab/publicinterest-ai-projects/blob/main/Public%20Interest%20AI%20Projects%202024.xlsx,Methods for Extremely Rapid Observation of Nutritional Status (MERON),https://kimetrica.com/our-projects/?country=&service=&search=Methods+for+Extremely+Rapid+Observation+of+Nutritional+Status#start,Kimetrica (Affiliate of the American Institutes for Research),Abgeschlossen,"MERON ist eine Smartphone-App, die Deep-Learning-Technologie nutzt, um Gesichtszüge auf Fotos zu erfassen und Mangelernährung bei Kindern unter fünf Jahren schnell zu erkennen.",MERON,CC-BY 4.0,https://publicinterest.ai/
https://huggingface.co/datasets/hiig-ai-lab/publicinterest-ai-projects/blob/main/Public%20Interest%20AI%20Projects%202024.xlsx,KIVI ,https://www.medienanstalt-nrw.de/imagebroschuere/viel-mehr-als-nur-loeschen.html,Landesanstalt für Medien NRW,Unbekannt,"KIVI ist ein Werkzeug zur Erkennung von Hate Speech im Internet. Ziel des Tools ist es, das Medienmonitoring online, sowohl auf Social-Media-Plattformen als auch auf Websites, zu beschleunigen und zu vereinfachen und so die Mitarbeiter bei der Überwachung von Inhalten im Netz zu entlasten. Das Tool sortiert die Inhalte vor und kategorisiert potenziell kritische Inhalte in Verstoßkategorien (z. B. verfassungsfeindlich, gewaltverherrlichend etc.). Mitarbeiter prüfen die Inhalte anschließend und entscheiden, welche Inhalte strafrechtlich verfolgt werden sollen. Das IT-Unternehmen Condat AG wurde mit der Entwicklung von KIVI beauftragt; der Trainingsdatensatz besteht aus Inhalten, die von der Landesmedienanstalt zusammengestellt wurden. Das Tool wird nun von allen Landesmedienanstalten in Form eines Dashboards genutzt.",KIVI,CC-BY 4.0,https://publicinterest.ai/
https://huggingface.co/datasets/hiig-ai-lab/publicinterest-ai-projects/blob/main/Public%20Interest%20AI%20Projects%202024.xlsx,Open Source tool for lung cancer clinicians,https://drivendata.co/projects,"Love Justice, DrivenData",Unbekannt,"Unterstützung von Bemühungen gegen Menschenhandel an Grenzübergängen und Flughäfen durch die Zusammenführung von Daten verschiedener Standorte und das Aufzeigen von Erkenntnissen, die den Befragern bessere Informationen darüber geben, welche Fragen gestellt werden sollten und wie diese zu richten sind.",,CC-BY 4.0,https://publicinterest.ai/
https://huggingface.co/datasets/hiig-ai-lab/publicinterest-ai-projects/blob/main/Public%20Interest%20AI%20Projects%202024.xlsx,MasakhaNER,https://www.masakhane.io/ongoing-projects/masakhaner-know-our-names,Masakhane,Unbekannt,"Eigennamenerkennung (Named Entity Recognition) für afrikanische Sprachen. Hierbei geht es um die Identifizierung vordefinierter Kategorien in Texten, wie z. B. Personennamen, Orte und Organisationen.",MasakhaNER,CC-BY 4.0,https://publicinterest.ai/
https://huggingface.co/datasets/hiig-ai-lab/publicinterest-ai-projects/blob/main/Public%20Interest%20AI%20Projects%202024.xlsx,Project ZAMBA (Automating wildlife identification for research and conservation),https://drivendata.co/projects,"Max Planck Institute for Evolutionary Anthropology, Arcus Foundation, DrivenData",Unbekannt,Erkennung von Wildtieren in Videomaterial – automatisch und skalierbar – durch die Durchführung einer globalen Challenge zur Algorithmenentwicklung und den Aufbau einer Open-Source-Anwendung mit der Gewinnerlösung (Project Zamba).,ZAMBA,CC-BY 4.0,https://publicinterest.ai/
https://huggingface.co/datasets/hiig-ai-lab/publicinterest-ai-projects/blob/main/Public%20Interest%20AI%20Projects%202024.xlsx,CoVision,https://de.mi4people.org/covision,MI4People,Laufend,"KI-basiertes Klassifizierungssystem von CoVid-Schnelltests für sehbehinderte und blinde Menschen. Vision ist eine kostenlose und leicht zugängliche Open-Source-Computer-Vision-App, die CoVid-Schnelltestergebnisse mit mobilen Geräten klassifizieren kann.",CoVision,CC-BY 4.0,https://publicinterest.ai/
https://huggingface.co/datasets/hiig-ai-lab/publicinterest-ai-projects/blob/main/Public%20Interest%20AI%20Projects%202024.xlsx,General Computer Vision for Healthcare,https://de.mi4people.org/general-computer-vision-for-healthcare,MI4People,Laufend,"Vision ist ein kostenloses und leicht zugängliches Open-Source-System für allgemeine Computer Vision, das eine breite Palette von Krankheiten abdeckt und verschiedene Arten von Eingabebildern (Fotos, Röntgenbilder, CT- und MRT-Scans usw.) verarbeiten kann.",,CC-BY 4.0,https://publicinterest.ai/
https://huggingface.co/datasets/hiig-ai-lab/publicinterest-ai-projects/blob/main/Public%20Interest%20AI%20Projects%202024.xlsx,Marine Litter Detection via Satellites,https://de.mi4people.org/marinelitterdetectionviasatellites,MI4People,Laufend,"Gemeinsam mit Alexander Thamm haben wir vor Kurzem ein Projekt gestartet, das Computer Vision und Satellitenbilder nutzt, um eine globale Karte von Meeresmüll zu erstellen. Ziel ist es, Transparenz in diesem Bereich zu schaffen, die Forschung zu erleichtern und Verbesserungen bei der Koordinierung von Säuberungsaktionen auf See zu ermöglichen! Ziel des Projekts ist die Entwicklung eines mit künstlicher Intelligenz und maschinellem Lernen (KI/ML) ausgestatteten Computer-Vision-Systems, das in der Lage ist, in Ozeanen und Meeren treibendes Plastik und anderen Meeresmüll sowie dessen Position und Größe mithilfe von Satellitenbildern in (nahezu) Echtzeit zu identifizieren und diese Informationen Forschern, Umweltschützern, Aktivisten, Behörden und anderen Organisationen kostenlos zur Verfügung zu stellen.",,CC-BY 4.0,https://publicinterest.ai/
https://huggingface.co/datasets/hiig-ai-lab/publicinterest-ai-projects/blob/main/Public%20Interest%20AI%20Projects%202024.xlsx,Soil Quality Evaluation System,https://de.mi4people.org/soil-quality-evaluation-system,MI4People,Laufend,"Die Vision ist die Schaffung eines kostenlosen MI-Systems, das die wichtigsten Bodenqualitätsindikatoren vorhersagen kann, ohne dass teure chemische Labortests erforderlich sind, und das direkt von Landwirten jeglicher Bildungsstufe genutzt werden kann. Das System soll in der Lage sein, diese Vorhersagen auf Basis verschiedener Dateneingabequellen wie Satellitenbildern, Infrarotspektralmessungen usw. zu treffen und seine Vorhersagegenauigkeit jedes Mal zu verbessern, wenn seine Vorhersagen mit chemischen Testdaten kreuzvalidiert werden.",,CC-BY 4.0,https://publicinterest.ai/
https://huggingface.co/datasets/hiig-ai-lab/publicinterest-ai-projects/blob/main/Public%20Interest%20AI%20Projects%202024.xlsx,Land Cover Mapping,https://www.microsoft.com/en-us/research/project/land-cover-mapping/,Microsoft   ,Abgeschlossen,"Umweltwissenschaftler nutzen Satelliten- und Luftbilder, um Landnutzungsmuster zu verstehen, insbesondere um die Auswirkungen des Klimawandels und der menschlichen Bevölkerungsausbreitung auf die natürlichen Ressourcen der Erde zu begreifen. Die Aufbereitung von Bildmaterial in verwertbare Daten – in Form von Landbedeckungskarten – erfordert derzeit jedoch eine umfangreiche manuelle Annotation. Diese Arbeit nutzt Computer Vision, um diesen Prozess zu beschleunigen, sodass Umweltwissenschaftler und Geodatenanalysten weniger Zeit mit dem Zeichnen von Polygonen und mehr Zeit mit der Naturschutzplanung verbringen können.",,CC-BY 4.0,https://publicinterest.ai/
https://huggingface.co/datasets/hiig-ai-lab/publicinterest-ai-projects/blob/main/Public%20Interest%20AI%20Projects%202024.xlsx,Global Renewables Watch (GRW),https://www.globalrenewableswatch.org/,"Microsoft Corp., Planet Labs PBC and The Nature Conservancy",Laufend,"Ein in dieser Form einzigartiger „lebender Atlas“, der darauf abzielt, alle großflächigen Solar- und Windkraftanlagen auf der Erde mithilfe von künstlicher Intelligenz (KI) und Satellitenbildern zu kartieren und zu vermessen. So können Nutzer den Fortschritt der Energiewende bewerten und Trends im Zeitverlauf verfolgen.",GRW,CC-BY 4.0,https://publicinterest.ai/
https://huggingface.co/datasets/hiig-ai-lab/publicinterest-ai-projects/blob/main/Public%20Interest%20AI%20Projects%202024.xlsx,Syrianarchive,https://syrianarchive.org/en/about/methods-tools,"Mnemonic",Unbekannt,"Syrian Archive ist eine Plattform, die es ermöglicht, visuelle Beweise in sozialen Netzwerken zu finden, zu sammeln, zu archivieren und gemeinsam zu prüfen. Sie wurde vom Prototypefund gefördert und nutzt VFRAME.",Syrianarchive,CC-BY 4.0,https://publicinterest.ai/
https://huggingface.co/datasets/hiig-ai-lab/publicinterest-ai-projects/blob/main/Public%20Interest%20AI%20Projects%202024.xlsx,ClinicalBERT,https://arxiv.org/abs/1904.05342,"New York University, One Fact Foundation",Unbekannt,"Dieses Open-Source-KI-Modell zielt darauf ab, wiederverwendbare, transparente Technologie für Gesundheitssysteme, Krankenhäuser und Kliniker zu schaffen. Das Modell wurde mit klinischen Notizen von Zehntausenden Patienten aus Intensivstationen eines Krankenhauses im Raum Boston trainiert. Das KI-Modell wurde mit dem klinischen Urteil von Menschen hinsichtlich der Ähnlichkeit klinischer Konzepte und der Genauigkeit bei der Vorhersage der Wiederaufnahme von Patienten in ein Krankenhaus verglichen. Diese Arbeit wurde inzwischen mehr als 600 Mal zitiert und in mehreren akademischen medizinischen Zentren und Krankenhäusern für Aufgaben wie Datenbereinigung und die Extraktion strukturierter Konzepte wie Diagnose, Prognose usw. verwendet.",ClinicalBERT,CC-BY 4.0,https://publicinterest.ai/
https://huggingface.co/datasets/hiig-ai-lab/publicinterest-ai-projects/blob/main/Public%20Interest%20AI%20Projects%202024.xlsx,Kilkari,https://armman.org/about-us/,nonprofit organisation,Unbekannt,"„Kilkari“ wird als IVR-Chatbot beschrieben, und auf der Website heißt es in Bezug auf KI: „Integration von künstlicher Intelligenz (KI) zur Programmverbesserung, Erstellung gezielter Programme sowie Vorhersage von Hochrisikozuständen und Empfängerverhalten in Partnerschaft mit Google Research India“. Gehört zu einer gemeinnützigen Organisation mit Sitz in Indien, die mHealth nutzt, um kosteneffiziente, geschlechtsspezifische Lösungen zu entwickeln. Ziel ist es, den Zugang schwangerer Frauen und Mütter zu präventiven Informationen und Diensten zu verbessern und Gesundheitspersonal zu schulen, um die Mütter- und Kindersterblichkeit sowie die Morbidität zu senken.",Kilkari,CC-BY 4.0,https://publicinterest.ai/
https://huggingface.co/datasets/hiig-ai-lab/publicinterest-ai-projects/blob/main/Public%20Interest%20AI%20Projects%202024.xlsx,Rainforest Connection,https://rfcx.org/,Nonprofit Technology Start Up,Unbekannt,"Rainforest Connection setzt akustische Echtzeit-Überwachungssysteme ein, um illegale Abholzung vorherzusagen und zu verhindern. Sie werden in 22 Ländern, unter anderem auch Österreich, eingesetzt. Mithilfe von Deep Learning werden akustische Anomalien, die auf bevorstehende illegale Rodungen hindeuten, detektiert.",,CC-BY 4.0,https://publicinterest.ai/
https://huggingface.co/datasets/hiig-ai-lab/publicinterest-ai-projects/blob/main/Public%20Interest%20AI%20Projects%202024.xlsx,Business for Ocean Sustainability,https://www.mckinsey.com/about-us/new-at-mckinsey-blog/with-gen-ai-we-are-helping-green-businesses-strengthen-our-blue-economy,One Ocean Foundation & McKinsey,Abgeschlossen,"Dieses jährliche Profil, das zusammen mit der One Ocean Foundation erstellt wurde, schließt eine kritische Lücke in der Nachhaltigkeitsberichterstattung: Während die meisten Unternehmen Berichte mit Schwerpunkt auf Landumgebungen veröffentlichen, befasst sich keiner mit den Geschehnissen in unseren Meeren. Es wurde generative KI von OpenAI eingesetzt, um die Nachhaltigkeitsberichte von etwa 2.500 Unternehmen (insgesamt 300.000 Seiten) in 17 Sektoren zu analysieren, die mehr als 70 Prozent der weltweiten Marktkapitalisierung repräsentieren. Mit Hilfe von McKinsey und QuantumBlack wird die One Ocean Foundation den diesjährigen Bericht zu einer Ocean Disclosure Initiative weiterentwickeln – einem Rahmenwerk, das Unternehmen nutzen können, um ihre meeresbezogenen Projekte zu verfolgen. Man könnte es als die nächste Welle der Nachhaltigkeitsberichterstattung betrachten.",,CC-BY 4.0,https://publicinterest.ai/
https://huggingface.co/datasets/hiig-ai-lab/publicinterest-ai-projects/blob/main/Public%20Interest%20AI%20Projects%202024.xlsx,WERTIS-KI,https://www.z-u-g.org/foerderung/ki-leuchttuerme-fuer-umwelt-klima-natur-und-ressourcen/projekt/wertis-ki/,"Ostfalia Hochschule für angewandte Wissenschaften - Hochschule Braunschweig/Wolfenbüttel (Institut für Recycling); Abfallwirtschafts- und Beschäftigungsbetriebe Landkreis Peine; GE-T GmbH; dida Datenschmiede GmbH
",Unbekannt,"Das Projekt „Wertstoff-Informationssystem mit künstlicher Intelligenz“ zielt darauf ab, das Umweltbewusstsein der Bürger für die Abfalltrennung zu schärfen und so erhöhte CO2-Emissionen zu reduzieren.",WERTIS-KI,CC-BY 4.0,https://publicinterest.ai/
https://huggingface.co/datasets/hiig-ai-lab/publicinterest-ai-projects/blob/main/Public%20Interest%20AI%20Projects%202024.xlsx,KI-Inspire,https://www.lms.ovgu.de/Forschung/Aktuelle+Projekte/KI_INSPIRE+%7C+Anwendung+von+KI+f%C3%BCr+den+Strahlenschutz-p-332.html https://www.z-u-g.org/foerderung/ki-leuchttuerme-fuer-umwelt-klima-natur-und-ressourcen/projekt/ki-inspire/,"Otto-von-Guericke-Universität, Universität Lübeck, Deutsches Krebsforschungszentrum",Laufend,"Eine der vielversprechenden Möglichkeiten für den Einsatz dieser Technologie im Gesundheitswesen, die das Interesse der Forschung geweckt hat, ist die Bildgebung. Durch die Nutzung dieser spannenden Technologie können Forscher nun die Qualität medizinischer Bilder verbessern. Diesem Trend und den Fortschritten im Bereich der medizinischen Bildgebung folgend, zielt das Projekt AI-INSPIRE darauf ab, die Qualität medizinischer Bilder für Interventionen zu optimieren und Kliniker bei ihrer Entscheidungsfindung zu unterstützen. Das Projekt wird direkte Auswirkungen auf den Strahlenschutz von Patienten haben, die sich chirurgischen Eingriffen unter Zuhilfenahme medizinischer Bildgebungssysteme unterziehen. Die in diesem Projekt entwickelte Technologie wird es ermöglichen, verrauschte Bilder bei niedriger Dosis aufzunehmen und anschließend das Rauschen aus dem Bild zu entfernen, was zu einem Bild von akzeptabler Qualität führt; Künstliche Intelligenz für den innovativen nachhaltigen Strahlenschutz von Patienten in interventionellen radiologischen Einsatzgebieten.",KI-Inspire,CC-BY 4.0,https://publicinterest.ai/
https://huggingface.co/datasets/hiig-ai-lab/publicinterest-ai-projects/blob/main/Public%20Interest%20AI%20Projects%202024.xlsx,Equitable AI: Prevent and mitigate gender bias in Early Warning Systems for school dropouts,https://www.policylab.tech/equitable-ai,"PIT Policy Lab; Itad; Women in Digital Transformation, Athena Infonomics",Unbekannt,"Das Projekt zielte darauf ab, die Schulverbleibs- und Abschlussquoten zu verbessern, indem gefährdete Schüler identifiziert und unterstützt wurden und geschlechtsspezifische Verzerrungen in den im Bundesstaat Guanajuato, Mexiko, verwendeten Frühwarnsystemen verhindert wurden. Das Projekt hatte 4 Ziele: 1. Kapazitätsaufbau, 2. Einsatz des Tools AI Fairness 360 (AIF360), 3. Schulungskurs für wichtige SEG-Profile, 4. Entwicklung eines KI-Ethik-Leitfadens und einer Checkliste für Entscheidungsträger im öffentlichen Sektor.",,CC-BY 4.0,https://publicinterest.ai/
https://huggingface.co/datasets/hiig-ai-lab/publicinterest-ai-projects/blob/main/Public%20Interest%20AI%20Projects%202024.xlsx,La Independiente:  Mainstreaming Gender Perspective in AI crowd work in the Global South,https://www.policylab.tech/feminist-ai,"PIT Policy Lab; Universidad Nacional Autonoma de Mexico (UNAM), Northeastern University Civic AI Lab; PuentechLab",Unbekannt,"Das Team führte eine Pilotumfrage unter 60 Frauen in Lateinamerika durch, die die Crowd-Work-Plattform Toloka nutzen, um deren persönliche Ziele, berufliche Werte und Schwierigkeiten bei der Arbeit zu verstehen. Zentrale Erkenntnis war, dass die meisten Frauen den Wunsch äußerten, von den Erfahrungen anderer Frauen zu hören, die auf Plattformen arbeiten. La Independiente wird einen Prototyp eines KI-gestützten Systems für soziale Vernetzung und Empfehlungen entwickeln, das speziell darauf ausgelegt ist, kollektiven Plattformarbeitern dabei zu helfen, eine unterstützende Gemeinschaft aufzubauen und ihre technischen und sozialen Fähigkeiten weiterzuentwickeln.",,CC-BY 4.0,https://publicinterest.ai/
https://huggingface.co/datasets/hiig-ai-lab/publicinterest-ai-projects/blob/main/Public%20Interest%20AI%20Projects%202024.xlsx,Uwazi,https://uwazi.io/about/,Projekt/Anwendung,Unbekannt,"Unsere Datenbankanwendung ist für Menschenrechtsverteidiger konzipiert, um Informationssammlungen zu bewahren und zu verwalten.",Uwazi,CC-BY 4.0,https://publicinterest.ai/
https://huggingface.co/datasets/hiig-ai-lab/publicinterest-ai-projects/blob/main/Public%20Interest%20AI%20Projects%202024.xlsx,ODiWiP (Optimierter Wertstoffkreislauf in der Industrie),https://kibapap.de/,PROTECH – Institut der Universität Siegen,Unbekannt,"Ziel dieses Forschungsprojekts ist es, die Daten verschiedener Unternehmen und Prozesse zu vernetzen und den Recyclingkreislauf mithilfe von Big-Data-Ansätzen und ausgewählten KI-Tools ganzheitlich zu optimieren. Es wird der Prototyp einer KI-Anwendung entwickelt und eingesetzt, um den Stoffkreislauf von der Sammlung und Sortierung von Altpapier bis zur Herstellung des Papierprodukts zu optimieren und so einen wesentlichen Beitrag zur Schonung der benötigten Ressourcen zu leisten.",ODiWiP,CC-BY 4.0,https://publicinterest.ai/
https://huggingface.co/datasets/hiig-ai-lab/publicinterest-ai-projects/blob/main/Public%20Interest%20AI%20Projects%202024.xlsx,DiKueRec,https://ips.mb.tu-dortmund.de/meldung/digitaler-zwilling-im-kuehlgeraeterecycling-10440/,RIF e.V. Institut für Forschung und Transfer,Unbekannt,"Um den hohen Anforderungen an Recyclingprozesse künftig gerecht zu werden, müssen diese um Sensorik und digitale Zwillinge erweitert werden. Eine intelligente Verknüpfung von Daten und Algorithmen wird zur effizienten Steuerung von Recyclinganlagen beitragen. Die Vision des Projekts DiKueRec ist es, die sichere und effiziente Aufbereitung aktueller und künftiger Kühlschrankmodelle zu gewährleisten.",DiKueRec,CC-BY 4.0,https://publicinterest.ai/
https://huggingface.co/datasets/hiig-ai-lab/publicinterest-ai-projects/blob/main/Public%20Interest%20AI%20Projects%202024.xlsx,Right-hear,https://www.right-hear.com/,Right-Hear,Unbekannt,"Unser Unternehmen hilft dabei, Veranstaltungsorte für Blinde und Sehbehinderte zugänglicher zu machen, indem wir ihnen mehr Unabhängigkeit ermöglichen.",Right-hear,CC-BY 4.0,https://publicinterest.ai/
https://huggingface.co/datasets/hiig-ai-lab/publicinterest-ai-projects/blob/main/Public%20Interest%20AI%20Projects%202024.xlsx,Reporting issues in public space,https://algoritmeregister.amsterdam.nl/en/reporting-issues-in-public-space/,Stadt Amsterdam,Unbekannt,"Die Anwendung kann beispielsweise genutzt werden, um Abfälle, Wartungsprobleme oder gefährliche Straßensituationen an die Stadtverwaltung zu melden. Während Nutzer zuvor die Kategorie und damit die Zuständigkeit selbst auswählen mussten, wurde dieser Prozess nun mithilfe von NLP automatisiert, um Fehlkategorisierungen durch Nutzer zu verhindern und die Behebung der jeweiligen Situation zu beschleunigen.",,CC-BY 4.0,https://publicinterest.ai/
https://huggingface.co/datasets/hiig-ai-lab/publicinterest-ai-projects/blob/main/Public%20Interest%20AI%20Projects%202024.xlsx,Frag-den-Michel,https://www.hamburg.de/fragdenmichel,Stadt Hamburg,Unbekannt,Der Verwaltungs-Chatbot „Frag den Michel“ beantwortet Fragen zu Verwaltungsleistungen.,Frag-den-Michel,CC-BY 4.0,https://publicinterest.ai/
https://huggingface.co/datasets/hiig-ai-lab/publicinterest-ai-projects/blob/main/Public%20Interest%20AI%20Projects%202024.xlsx,Health center chatbot,https://ai.hel.fi/en/health-center-chatbot/,Stadt Helsinki,Unbekannt,"Der Gesundheitszentrum-Chatbot der Stadt Helsinki ist ein Chatbot, der Antworten auf Fragen zu beispielsweise psychischer Gesundheit oder Drogenmissbrauch gibt und Nutzer an andere digitale Dienste der Gesundheitszentren verweist.",,CC-BY 4.0,https://publicinterest.ai/
https://huggingface.co/datasets/hiig-ai-lab/publicinterest-ai-projects/blob/main/Public%20Interest%20AI%20Projects%202024.xlsx,Intelligent material management system,https://ai.hel.fi/en/intelligent-material-management-system/,Stadt Helsinki,Unbekannt,"Das IMMS (Intelligent Material Management System) ist ein intelligentes Managementsystem, das genutzt wird, um den gesamten Bestand zu organisieren. Es ermöglicht die Ausleihe und Rückgabe an allen Zweigstellen der Bibliothek. Der Bestand umfasst ca. 1,8 Mio. Artikel.",,CC-BY 4.0,https://publicinterest.ai/
https://huggingface.co/datasets/hiig-ai-lab/publicinterest-ai-projects/blob/main/Public%20Interest%20AI%20Projects%202024.xlsx,Maternity clinic chatbot NeRo,https://ai.hel.fi/en/maternity-clinic-chatbot-nero/,Stadt Helsinki,Unbekannt,"Der Chatbot NeRo wird von der Geburts- und Kinderklinik der Stadt Helsinki genutzt, um Fragen der PatientInnen in Bezug auf Schwangerschaft, Geburt und frühe Kindheit zu beantworten.",NeRo,CC-BY 4.0,https://publicinterest.ai/
https://huggingface.co/datasets/hiig-ai-lab/publicinterest-ai-projects/blob/main/Public%20Interest%20AI%20Projects%202024.xlsx,Obotti,https://ai.hel.fi/en/oodis-book-recommendation-service-obotti/,Stadt Helsinki,Unbekannt,"Dies ist ein Chatbot, der Bücher auf Basis einer Kontextanalyse empfiehlt. Zielgruppe sind die Kunden der Bibliothek Helsinki; die empfohlenen Bücher sind dort verfügbar. Es gibt sechs verschiedene Chatbot-Agenten, die sich jeweils auf unterschiedliche Themen konzentrieren.",Obotti,CC-BY 4.0,https://publicinterest.ai/
https://huggingface.co/datasets/hiig-ai-lab/publicinterest-ai-projects/blob/main/Public%20Interest%20AI%20Projects%202024.xlsx,Parking Chatbot,https://ai.hel.fi/en/parking-chatbot/,Stadt Helsinki,Unbekannt,"Dies ist ein Chatbot, der GPS-Daten nutzt, um Informationen über das Parksystem der Stadt Helsinki bereitzustellen.",,CC-BY 4.0,https://publicinterest.ai/
https://huggingface.co/datasets/hiig-ai-lab/publicinterest-ai-projects/blob/main/Public%20Interest%20AI%20Projects%202024.xlsx,KI4LSA (KI 4 Lichtsignalanlagen),https://www.iosb-ina.fraunhofer.de/de/geschaeftsbereiche/maschinelles-lernen/forschungsthemen-und-projekte/projekt-KI4LSA.html,Stadt Lemgo,Unbekannt,"Der Verkehrsfluss in der Teststadt soll durch die automatisierte Steuerung von Ampeln auf Basis von Echtzeitdaten optimiert werden. Ziel ist es, die Durchlaufzeiten zu verkürzen und Lärm zu reduzieren.",KI4LSA,CC-BY 4.0,https://publicinterest.ai/
https://huggingface.co/datasets/hiig-ai-lab/publicinterest-ai-projects/blob/main/Public%20Interest%20AI%20Projects%202024.xlsx,Handwerkstatistiken,https://www.oeffentliche-it.de/documents/10181/14412/KI+im+Beh%C3%B6rdeneinsatz+-+Erfahrungen+und+Empfehlungen,Statistisches Bundesamt,Unbekannt,"Ausgangspunkt ist ein Klassifizierungsproblem: Um zu entscheiden, ob ein Datenpunkt (z. B. ein Handwerksbetrieb) in eine Statistik aufgenommen wird, muss dieser als relevant oder nicht relevant eingestuft werden. Bisher erfolgte dies manuell, was jedoch viel Zeit in Anspruch nimmt und fehleranfällig ist. Zudem sind die Personalkapazitäten hierfür begrenzt. Lösungsansatz: ergänzend. Unter Verwendung zuvor ermittelter Klassifikationsmuster für Einheiten (Informationen aus Unternehmensregistern) wird ein Klassifikationssystem trainiert, das neue Datenpunkte automatisch als relevant oder nicht relevant kategorisiert. Den Sachbearbeitern steht das gleiche Zeitfenster wie bisher zur Verfügung, um die nun vorsortierten Fälle weiter zu bearbeiten.",,CC-BY 4.0,https://publicinterest.ai/
https://huggingface.co/datasets/hiig-ai-lab/publicinterest-ai-projects/blob/main/Public%20Interest%20AI%20Projects%202024.xlsx,The Ocean Clean Up/ Sustainable Coastlines,https://theoceancleanup.com/about/,"Stiftung ""The Ocean Cleanup""",Unbekannt,"The Ocean Cleanup ist eine gemeinnützige Initiative, die daran arbeitet, die Ozeane von Plastik zu befreien und die Tierwelt zu schützen. Eine KI wurde im Rahmen des Microsoft Hackathons für Nachhaltigkeit entwickelt; alle verwendeten Schritte und Anwendungen (Azure Microsoft) werden kommuniziert. KI wird beispielsweise gezielt für die Objekterkennung eingesetzt, um die Verschmutzung zu kartieren.",,CC-BY 4.0,https://publicinterest.ai/
https://huggingface.co/datasets/hiig-ai-lab/publicinterest-ai-projects/blob/main/Public%20Interest%20AI%20Projects%202024.xlsx,Flora Incognita,https://www.z-u-g.org/foerderung/ki-leuchttuerme-fuer-umwelt-klima-natur-und-ressourcen/projekt/natura-incognita/,"Technische Universität Ilmenau, Max-Planck-Gesellschaft zur Förderung der Wissenschaften e. V.",Unbekannt,"Die bestehende App „Flora Incognita“ (https://floraincognita.com/) soll um weitere Arten erweitert werden. Die Anwendung, die Computer Vision zur automatischen Klassifizierung von Pflanzenarten nutzt, ermöglicht ein großflächiges Monitoring der biologischen Vielfalt und hat einen edukativen Effekt.",,CC-BY 4.0,https://publicinterest.ai/
https://huggingface.co/datasets/hiig-ai-lab/publicinterest-ai-projects/blob/main/Public%20Interest%20AI%20Projects%202024.xlsx,Natura Incognita,https://www.z-u-g.org/foerderung/ki-leuchttuerme-fuer-umwelt-klima-natur-und-ressourcen/projekt/natura-incognita/,Technische Universität Ilmenau; Max-Planck-Gesellschaft zur Förderung der Wissenschaften e. V.,Unbekannt,Eine Workflow-Plattform für die KI-basierte Artenidentifizierung.,,CC-BY 4.0,https://publicinterest.ai/
https://huggingface.co/datasets/hiig-ai-lab/publicinterest-ai-projects/blob/main/Public%20Interest%20AI%20Projects%202024.xlsx,ADIS,https://theoceancleanup.com/updates/using-artificial-intelligence-to-monitor-plastic-density-in-the-ocean/,The Ocean Cleanup Projects B.V.,Unbekannt,"ADIS basiert auf schiffsgestützten Kameras und künstlicher Intelligenz. In der Sondierungsphase des Projekts wurden über 10 Millionen (20 TB) Offshore-Bilder mit GPS-fähigen Action-Kameras im Außenbereich gesammelt. Es wurde ein Algorithmus zur Objekterkennung mittels künstlicher Intelligenz entwickelt, der die Bilder automatisch nach treibenden Makroplastik-Teilen scannt. Alle Objekterkennungen werden von einem Team von Freiwilligen auf falsch-positive Ergebnisse gefiltert, bevor sie zu georeferenzierten numerischen Dichtedaten aggregiert werden. In dieser Sitzung werden Ergebnisse aus den Sondierungsdaten sowie künftige Entwicklungspläne vorgestellt. Bei einer Hochskalierung hat ADIS das Potenzial, eine kontinuierlichere und globalere Datenbank für Makroplastik-Konzentrationen (>50 cm) an der Meeresoberfläche bereitzustellen.",ADIS,CC-BY 4.0,https://publicinterest.ai/
https://huggingface.co/datasets/hiig-ai-lab/publicinterest-ai-projects/blob/main/Public%20Interest%20AI%20Projects%202024.xlsx,KInsecta,https://kinsecta.org/,"Trägerverein Umweltbildungszentrum Listhof e.V., Berliner Hochschule für Technik",Unbekannt,"Es soll ein Insektenzähler entwickelt werden, der das Zählen und Identifizieren von Insekten automatisiert. Hierfür sollen nicht nur Bilddaten, sondern auch optoakustische Signale des Flügelschlags, kombiniert mit Wetter- oder Vegetation data, eine Identifizierung ermöglichen.",KInsecta,CC-BY 4.0,https://publicinterest.ai/
https://huggingface.co/datasets/hiig-ai-lab/publicinterest-ai-projects/blob/main/Public%20Interest%20AI%20Projects%202024.xlsx,Decoding Antisemitism,https://decoding-antisemitism.eu/,TU Berlin,Unbekannt,"„Decoding Antisemitism“ ist ein interdisziplinäres und transnationales Forschungsprojekt, das Antisemitismus im Internet mithilfe von KI untersucht, wobei der Fokus auf dem politischen Mainstream ausgewählter europäischer Gesellschaften liegt – Großbritannien, Frankreich und Deutschland.",,CC-BY 4.0,https://publicinterest.ai/
https://huggingface.co/datasets/hiig-ai-lab/publicinterest-ai-projects/blob/main/Public%20Interest%20AI%20Projects%202024.xlsx,Green Consumption Assistant (integrated into Ecosia Shopping Serach Engine),https://www.tu.berlin/en/transformation/research/projects/green-consumption-assistant,TU Berlin,Unbekannt,"Ziel eines KI-gestützten Assistenten, der zum Zeitpunkt des Kaufs Nachhaltigkeitsinformationen präsentiert und nachhaltige Alternativen anbietet, die für Verbraucher ebenso einfach zu nutzen sein sollten wie die weniger nachhaltigen Optionen.",,CC-BY 4.0,https://publicinterest.ai/
https://huggingface.co/datasets/hiig-ai-lab/publicinterest-ai-projects/blob/main/Public%20Interest%20AI%20Projects%202024.xlsx,Seaclear,https://seaclear-project.eu/,TU Delft,Unbekannt,"Diese Initiative nutzt Roboter und künstliche Intelligenz, um Abfälle unter Wasser zu sammeln. Das System besteht aus vier Komponenten: zwei unbemannten Unterwasserrobotern, einem Wasserfahrzeug und einer Flugdrohne. Es wird im Hafen unter sehr robusten Bedingungen getestet. KI wird eingesetzt, um Abfälle auf dem gescannten Meeresboden zu erkennen. Ziel ist es sicherzustellen, dass die Unterwasserlandschaft nicht beeinträchtigt wird, sondern ausschließlich Abfälle gesammelt werden.",Seaclear,CC-BY 4.0,https://publicinterest.ai/
https://huggingface.co/datasets/hiig-ai-lab/publicinterest-ai-projects/blob/main/Public%20Interest%20AI%20Projects%202024.xlsx,City Access Map,https://www.cityaccessmap.com,TU Delft,Unbekannt,"CityAccessMap ist eine webbasierte Open-Source-Anwendung zur Analyse der urbanen Barrierefreiheit auf globaler Ebene. Das Tool nutzt Daten von OpenStreetMap und dem Global Human Settlement Layer, um die Erreichbarkeit essenzieller Dienstleistungen (wie Gesundheitsversorgung, Bildung und Lebensmittel) zu Fuß zu quantifizieren. Ziel des Projekts ist es, soziale Ungleichheiten in der Stadtplanung sichtbar zu machen und Entscheidungsträger dabei zu unterstützen, das Konzept der „15-Minuten-Stadt“ umzusetzen. Die Plattform bietet sowohl hochgradig aggregierte als auch granulare Einblicke für über 3.500 Städte weltweit.",City Access Map,CC-BY 4.0,https://publicinterest.ai/
https://huggingface.co/datasets/hiig-ai-lab/publicinterest-ai-projects/blob/main/Public%20Interest%20AI%20Projects%202024.xlsx,ForestCare,https://www.uni-goettingen.de/de/647748.html,u.A. Georg-August-Universität Göttingen,Unbekannt,"Einzelbaumbezogenes, satellitengestütztes Monitoring von Waldökosystemen mittels autoadaptiver Hyperdimensionen – Geodatenanalyse.",ForestCare,CC-BY 4.0,https://publicinterest.ai/
https://huggingface.co/datasets/hiig-ai-lab/publicinterest-ai-projects/blob/main/Public%20Interest%20AI%20Projects%202024.xlsx,Cider,https://global-policy-lab.github.io/cider-documentation/intro.html,UC Berkeley Global Policy Lab,Unbekannt,"Cider ist eine Sammlung von Software-Tools zur Bekämpfung von Armut mithilfe von Mobilfunkdaten. Es wurde gemeinsam vom Global Policy Lab der UC Berkeley, dem Center for Effective Global Action (CEGA) der UC Berkeley und der gemeinnützigen Organisation GiveDirectly entwickelt. Cider basiert auf den in Aiken et al. (2022) beschriebenen Methoden zur Identifizierung von Armut. Ein Ziel von Cider ist es, diese Methoden benutzerfreundlicher und kontextübergreifend replizierbar zu machen. Ein zweites Ziel ist der einfache Vergleich von Identifizierungsmethoden, einschließlich des von Cider entwickelten mobilfunkbasierten Ansatzes: Während die empirischen Ergebnisse zur Genauigkeit des mobilfunkbasierten Ansatzes in Aiken et al. (2022) vielversprechend sind, ist noch nicht bekannt, wie dieser im Vergleich zu Alternativen in verschiedenen Kontexten abschneidet. Da Cider mit digitalen Daten arbeitet, hat es zwei wesentliche Stärken: Es kann Menschen schnell identifizieren und erreichen (Geschwindigkeit) und dies in einer Größenordnung von Millionen von Menschen tun (Skalierbarkeit).",Cider,CC-BY 4.0,https://publicinterest.ai/
https://huggingface.co/datasets/hiig-ai-lab/publicinterest-ai-projects/blob/main/Public%20Interest%20AI%20Projects%202024.xlsx,Crossfoam,https://www.ultrapop.de/,Ultrapop,Unbekannt,"Crossfoam analysiert und visualisiert Filterblasen in sozialen Netzwerken. Dies gibt Nutzern die Möglichkeit zu erkennen, ob die eigene Online-Community eine Echo-Kammer ist oder verschiedene Meinungen zusammenbringt. Detaillierte Analysen ermöglichen es den Nutzern, das soziale Netzwerk zu erkunden, es vielfältiger zu gestalten oder – falls gewünscht – noch spezifischer zu machen. Das Projekt wurde vom Prototypefund gefördert.",Crossfoam,CC-BY 4.0,https://publicinterest.ai/
https://huggingface.co/datasets/hiig-ai-lab/publicinterest-ai-projects/blob/main/Public%20Interest%20AI%20Projects%202024.xlsx,Kudu,https://ai4sibook.org/kudu/; ,unclear ,Unbekannt,"Landwirte in Uganda verfügen oft nicht über ausreichende Informationen über den Agrarmarkt des Landes, was sie beim Verkauf ihrer Erzeugnisse benachteiligt. Kudu ist ein elektronischer Agrarmarkt, der den Informationsfluss erleichtern soll. „Die Kudu-KI-Schnittstelle. Handelskoordinatoren wurden Übereinstimmungen angezeigt, die den größten Handelsgewinnen entsprachen.“",Kudu,CC-BY 4.0,https://publicinterest.ai/
https://huggingface.co/datasets/hiig-ai-lab/publicinterest-ai-projects/blob/main/Public%20Interest%20AI%20Projects%202024.xlsx,Tracking global CO2 emissions,https://news.microsoft.com/2023/11/29/unfccc-partners-with-microsoft-to-use-ai-and-advanced-data-technology-to-track-global-carbon-emissions-and-assess-progress-under-the-paris-agreement/,"UNFCCC, Microsoft",Laufend,"Partnerschaft, die es der UNFCCC ermöglicht, eine neue KI-gestützte Plattform und einen globalen Klimadaten-Hub zu schaffen. Diese Plattform wird fortschrittliche Analysen globaler Klimadaten ermöglichen. Dies wird die UNFCCC und die Mitgliedstaaten mit den Werkzeugen ausstatten, die sie benötigen, um Fortschritte bei den CO2-Reduktionszielen effizient zu melden und zu validieren. Dies umfasst die Überwachung von Verkehr, Landwirtschaft, industriellen Prozessen und anderen Quellen von Kohlenstoffemissionen. Zudem werden der UNFCCC und den Mitgliedstaaten Werkzeuge zur Planung von Strategien zur Kohlenstoffreduzierung mittels Simulationen, Benchmarks und Datenvisualisierungen zur Verfügung gestellt, um gezielte Maßnahmen zu unterstützen und Zeit sowie Geld zu sparen.",,CC-BY 4.0,https://publicinterest.ai/
https://huggingface.co/datasets/hiig-ai-lab/publicinterest-ai-projects/blob/main/Public%20Interest%20AI%20Projects%202024.xlsx,AI4Biodiv,https://www.tu-ilmenau.de/unionline/forschung/details/wir-brauchen-ki-zum-erhalt-der-biodiversitaet-1143,Uni Ilmenau,Laufend,"Es sollen KI-Methoden und -Technologien entwickelt werden, die eine effiziente, schnelle und automatisierte Überwachung der biologischen Vielfalt in verschiedenen Lebensräumen und Landschaften ermöglichen, um die Entwicklung von Ökosystemen, Artengemeinschaften und Populationen zu verfolgen und die Ursachen von Veränderungen zu analysieren.",AI4Biodiv,CC-BY 4.0,https://publicinterest.ai/
https://huggingface.co/datasets/hiig-ai-lab/publicinterest-ai-projects/blob/main/Public%20Interest%20AI%20Projects%202024.xlsx,CAROLL,https://www.uni-passau.de/caroll/,Uni Passau,Unbekannt,"Im Projekt CAROLL kombinieren die Informatiker um Prof. Dr. Mitrović numerische Ansätze wie maschinelles Lernen mit Erkenntnissen aus der jahrtausendealten Kunst der Rhetorik. Computergestützte Rhetorik ist ein Ansatz zur natürlichen Sprachverarbeitung (NLP). Das Passauer Team kombiniert diesen Ansatz mit Argumentation Mining, ebenfalls ein Forschungsgebiet innerhalb von NLP.",CAROLL,CC-BY 4.0,https://publicinterest.ai/
https://huggingface.co/datasets/hiig-ai-lab/publicinterest-ai-projects/blob/main/Public%20Interest%20AI%20Projects%202024.xlsx,sensassist2sens,https://sensassist2sens.de/,Uni Rostock,Unbekannt,"Software für Kinder- und Jugendhilfezentren: „Wie können Sozialarbeit, Softwareentwicklung und Wissenschaft das Potenzial künstlicher und menschlicher Intelligenz erforschen und anwenden?“",sensassist2sens,CC-BY 4.0,https://publicinterest.ai/
https://huggingface.co/datasets/hiig-ai-lab/publicinterest-ai-projects/blob/main/Public%20Interest%20AI%20Projects%202024.xlsx,Kindly,https://kindly.unicef.io,"UNICEF, Gitanjali Rao",Unbekannt,"Kindly ist eine Open-Source-API, die beleidigende und Cybermobbing-Absichten in Nachrichten erkennt und den Nutzern sofortiges Feedback gibt, damit sie ihre Nachricht überdenken können.",Kindly,CC-BY 4.0,https://publicinterest.ai/
https://huggingface.co/datasets/hiig-ai-lab/publicinterest-ai-projects/blob/main/Public%20Interest%20AI%20Projects%202024.xlsx,BeeObserver ,https://hiverize.org,Universität Bremen,Unbekannt,"Für das Projekt „Bee Observer“ werden Bienenstöcke mit Sensoren (Temperatur, Luftfeuchtigkeit, Zugluft am Flugloch, Akustik) ausgestattet, um das Innere zu überwachen. Die so gewonnenen Daten werden von einem KI-System zusammen mit Daten zu Wetter, Standort und epidemiologischer Vorgeschichte in der Umgebung des Bienenstocks verarbeitet. Die so gewonnenen Erkenntnisse sollen genutzt werden, um „konventionelle Praktiken“ neu zu bewerten und zugunsten der Gesundheit des Volkes anzupassen. Des Weiteren können bessere Daten für die Entwicklung von Präventivmaßnahmen bereitgestellt werden.",BeeObserver ,CC-BY 4.0,https://publicinterest.ai/
https://huggingface.co/datasets/hiig-ai-lab/publicinterest-ai-projects/blob/main/Public%20Interest%20AI%20Projects%202024.xlsx,Komp-Hi,https://komp-hi.de/,Universität Kassel,Abgeschlossen,"Das Projekt Komp-HI konzentriert sich auf die Förderung fachlicher und überfachlicher Kompetenzen durch die soziotechnische Gestaltung von hybriden Intelligenzsystemen. Das Projekt zielt darauf ab, KI einzusetzen, um Lernende beim Aufbau und der Entwicklung wichtiger Kompetenzen parallel zu fachspezifischen Inhalten zu unterstützen. Die Grundidee des Projekts basiert auf der Bereitstellung individualisierter Lernmaterialien sowie individuellem und formativem Feedback während des gesamten Lernprozesses. KI-basierte Lerninnovationen erfordern eine möglichst genaue Analyse der individuellen Kompetenzen zu Beginn des Lernens und die Erfassung des Lernfortschritts, um individualisierte Lernprozesse bestmöglich begleiten und kompetenzbezogenes Feedback geben zu können.",Komp-Hi,CC-BY 4.0,https://publicinterest.ai/
https://huggingface.co/datasets/hiig-ai-lab/publicinterest-ai-projects/blob/main/Public%20Interest%20AI%20Projects%202024.xlsx,Preventing Poaching ,https://seas.harvard.edu/news/2020/06/preventing-poaching,University of Southern California Center for AI in Society,Unbekannt,Das Projekt versucht mittels maschinellem Lernen das Verhalten von Wilderern vorherzusagen. Das Modell lernt die Verhaltensmodelle der Wilderer aus den gesammelten Kriminalitätsdaten. Auf dieser Grundlage berechnet PAWS Patrouillenrouten und die Wahrscheinlichkeit ihres Erfolgs.,,CC-BY 4.0,https://publicinterest.ai/
https://huggingface.co/datasets/hiig-ai-lab/publicinterest-ai-projects/blob/main/Public%20Interest%20AI%20Projects%202024.xlsx,KIkKa,https://www.z-u-g.org/foerderung/ki-leuchttuerme-fuer-umwelt-klima-natur-und-ressourcen/projekt/klkka/,"Variolytics GmbH; Hohenstaufenstadt Göppingen (Stadtentwässerung Göppingen); Universität Kassel (Fachgebiet Siedlungswasserwirtschaft; Institut für Wasser, Abfall, Umwelt); Fraunhofer-Gesellschaft zur Förderung der angewandten Forschung e. V. (Institut für Grenzflächen- und Bioverfahrenstechnik)",Unbekannt,"Das Verbundprojekt zielt darauf ab, künstliche Intelligenz einzusetzen, um Abwasserreinigungsprozesse klimaoptimiert zu steuern und Treibhausgasemissionen zu reduzieren.",KIkKa,CC-BY 4.0,https://publicinterest.ai/
https://huggingface.co/datasets/hiig-ai-lab/publicinterest-ai-projects/blob/main/Public%20Interest%20AI%20Projects%202024.xlsx,DecS (Decoding Spurenstoffe),https://www.uni-kassel.de/fb14bau/institute/institut-fuer-wasser-abfall-umwelt-iwau/siedlungswasserwirtschaft/forschung/decs-decoding-spurenstoffe,"Verbundprojekt von Fachgebiet Siedlungswasserwirtschaft der Universität Kassel (Verbundkoordinator), UNISENSOR Sensorsysteme GmbH, Forschungsinstitut ifak e.V., das Ingenieurbüro Weber-Ingenieure GmbH und der Lippeverband",Unbekannt,"Das Projekt DecS verfolgt die Vision, organische Spurenstoffe gezielt aus Abwasserströmen zu entfernen und die für die hierfür verfügbaren Technologien (Ozon, Pulveraktivkohle, Kornaktivkohle) benötigten Ressourcen zu schonen.",DecS,CC-BY 4.0,https://publicinterest.ai/
https://huggingface.co/datasets/hiig-ai-lab/publicinterest-ai-projects/blob/main/Public%20Interest%20AI%20Projects%202024.xlsx,"K2I (Künstliche und kollektive Intelligenz zum Spurenstoff-Tracking in 
Oberflächenwasser für eine nachhaltige Trinkwassergewinnung K2I)",https://www.k2i-tracker.de/,"Verbundprojekt von Landeswasserversorgung, das Leibniz-Rechenzentrum der Bayerischen Akademie der Wissenschaften, die Technische Universität München mit ihrem Lehrstuhl für Analytische Chemie und Wasserchemie, und das TZW: DVGW-Technologiezentrum Wasser",Unbekannt,"Es soll eine laborübergreifende Cloud-Lösung entwickelt werden, mit der Wasserversorger organische Spurenstoffe schnell erkennen und mögliche Quellen auf Basis einer überregionalen Datenbank eingrenzen können.",K2I,CC-BY 4.0,https://publicinterest.ai/
https://huggingface.co/datasets/hiig-ai-lab/publicinterest-ai-projects/blob/main/Public%20Interest%20AI%20Projects%202024.xlsx,CYCLOPS (Circularity Optimisation for Plastics),https://wupperinst.org/p/wi/p/s/pd/1910,"Verbundprojekt von Wuppertal Institut, GreenDelta GmbH, SKZ-KFE gGmbH",Unbekannt,"Cyclops zielt darauf ab, die Recyclingfähigkeit von Sekundärkunststoffen durch die Einführung eines digitalen Unterstützungssystems zu optimieren. Es wird eine Plattform bereitstellen, auf der technisch, wirtschaftlich und ökologisch sinnvolle Verwendungsmöglichkeiten für die am Markt verfügbaren Kunststoffabfälle und Rezyklate identifiziert und darauf basierend Einkaufs-, Recycling- und Vermarktungsentscheidungen getroffen werden können.",CYCLOPS,CC-BY 4.0,https://publicinterest.ai/
https://huggingface.co/datasets/hiig-ai-lab/publicinterest-ai-projects/blob/main/Public%20Interest%20AI%20Projects%202024.xlsx,FutureForest,https://www.z-u-g.org/foerderung/ki-leuchttuerme-fuer-umwelt-klima-natur-und-ressourcen/projekt/futureforest/,wetransform GmbH; M.O.S.S. Computer Graphik Systeme GmbH; Freie Universität Berlin (FU); Technische Universität München (TUM); ECOSOPH GmbH,Unbekannt,"Einsatz von KI zur Analyse des Waldzustands, zur Bewertung der künftigen Waldentwicklung und zur Vorbereitung von Entscheidungen für einen klimaangepassten Waldumbau.",FutureForest,CC-BY 4.0,https://publicinterest.ai/
https://huggingface.co/datasets/hiig-ai-lab/publicinterest-ai-projects/blob/main/Public%20Interest%20AI%20Projects%202024.xlsx,SIDE,https://www.nature.com/articles/s42256-023-00726-1,Wikimedia Foundation,Laufend,"Dieses auf neuronalen Netzen basierende System, das wir SIDE nennen, kann Wikipedia-Zitate identifizieren, die ihre Behauptungen wahrscheinlich nicht stützen, und anschließend bessere Zitate aus dem Web empfehlen. Wir trainieren dieses Modell auf bestehenden Wikipedia-Referenzen und lernen so von den Beiträgen und dem kombinierten Wissen Tausender Wikipedia-Editoren.",SIDE,CC-BY 4.0,https://publicinterest.ai/
https://huggingface.co/datasets/hiig-ai-lab/publicinterest-ai-projects/blob/main/Public%20Interest%20AI%20Projects%202024.xlsx,MetallKIDD,https://www.z-u-g.org/foerderung/ki-leuchttuerme-fuer-umwelt-klima-natur-und-ressourcen/projekt/metallkidd/,"Wuppertal Institut für Klima, Umwelt, Energie gGmbH; Fraunhofer-Institut für Optronik, Systemtechnik und Bildauswertung (IOSB); Folkwang Universität der Künste",Unbekannt,Gestaltung eines zirkulären Metallmanagements unter Nutzung einer Metallstrategie und KI-Unterstützung.,MetallKIDD,CC-BY 4.0,https://publicinterest.ai/
https://huggingface.co/datasets/hiig-ai-lab/publicinterest-ai-projects/blob/main/Public%20Interest%20AI%20Projects%202024.xlsx,Predicting public health risks from restaurant reviews,https://drivendata.co/case-studies/using-yelp-reviews-to-flag-restaurant-health-risks/,"Yelp, Harvard University, City of Boston, DrivenData",Unbekannt,Fallstudie: Aufdeckung von Gesundheitsrisiken in Restaurants durch die Kombination von Yelp-Bewertungen mit offenen Stadtdaten zu vergangenen Inspektionen. Ein algorithmischer Ansatz entdeckt 25 % mehr Verstöße bei gleicher Anzahl an Inspektionen.,,CC-BY 4.0,https://publicinterest.ai/
https://huggingface.co/datasets/hiig-ai-lab/publicinterest-ai-projects/blob/main/Public%20Interest%20AI%20Projects%202024.xlsx,AI4grids,https://www.htwg-konstanz.de/hochschule/projekte/ai4grids/ueber-ai4grids/,Zukunft – Umwelt – Gesellschaft (ZUG) gGmbH,Unbekannt,KI-basierte Planung und Betriebsführung von Verteilnetzen und Microgrids zur Optimierung der Integration erneuerbarer Erzeuger und schwankender Lasten im Rahmen der Energiewende.,AI4grids,CC-BY 4.0,https://publicinterest.ai/